name;pcode;pcode_parent;population;land_area;pop_density
Bahr al Jabal;SSD1-1;SSD1;545197.6429;17300;31.51431462
Kajo Kaii;SSD1-2;SSD1;253432.8619;2430;104.2933588
Nahr Yei;SSD1-3;SSD1;641933.0755;13035;49.2468796
Terkaka;SSD1-4;SSD1;214900.1083;11302;19.01434333
Amatonge;SSD2-5;SSD2;338079.5295;21865;15.46213261
Kapoeta;SSD2-6;SSD2;425381.0726;34547;12.31311178
Magwi;SSD2-7;SSD2;256270.7082;5240;48.9066237
Shokodom;SSD2-8;SSD2;230671.6968;8255;27.94327036
Akobo;SSD3-9;SSD3;333353.579;19269;17.29999372
Ayod;SSD3-10;SSD3;353967.6433;18932;18.69679079
Bor;SSD3-11;SSD3;225277.2174;7086;31.79187375
Fam al Zaraf;SSD3-12;SSD3;190919.8858;7784;24.52722068
Nahr Atiem;SSD3-13;SSD3;290881.4573;13777;21.11355573
Pibor;SSD3-14;SSD3;387929.9821;44440;8.729297527
Wat;SSD3-15;SSD3;296811.6997;12749;23.28117497
Aliab;SSD4-16;SSD4;68521.07703;4324;15.84668756
Rumbek;SSD4-17;SSD4;547388.11;21704;25.22060956
Shobet;SSD4-18;SSD4;197965.1536;6368;31.08749272
Yerol;SSD4-19;SSD4;245060.2656;11152;21.97455753
Aryat;SSD5-20;SSD5;117860.9074;2243;52.54610227
Aweil;SSD5-21;SSD5;457364.1244;20976;21.80416306
Nahr Lol;SSD5-22;SSD5;332317.9473;3988;83.32947526
Wanjuk;SSD5-23;SSD5;385995.6929;5580;69.17485536
Al Leiri;SSD6-24;SSD6;319882.5089;12748;25.09276035
Al Mayom;SSD6-25;SSD6;186547.4544;5910;31.56471309
Faring;SSD6-26;SSD6;56085.16849;4122;13.60629997
Rabkona;SSD6-27;SSD6;339279.0244;14431;23.51043063
Al Mabien;SSD7-28;SSD7;50148.16261;8527;5.881102686
Al Renk;SSD7-29;SSD7;216897.76;11097;19.54562134
Baleit;SSD7-30;SSD7;107834.7317;11689;9.225317112
Fashooda;SSD7-31;SSD7;76726.92777;8723;8.795933483
Malut;SSD7-32;SSD7;131015.5403;13265;9.876784039
Mayot;SSD7-33;SSD7;260114.424;8616;30.18969638
Sobat;SSD7-34;SSD7;404080.1709;10570;38.22896603
Tonga;SSD7-35;SSD7;269279.7016;6429;41.88516123
Gogrial;SSD8-36;SSD8;456429.0802;10069;45.33013012
Malek;SSD8-37;SSD8;122282.2647;1930;63.35868638
Tonj;SSD8-38;SSD8;348995.3831;13920;25.0715074
Warab;SSD8-39;SSD8;341884.2083;14202;24.07296214
Raja;SSD9-40;SSD9;60115.91016;57685;1.042141114
Wau;SSD9-41;SSD9;314732.0753;29303;10.74060933
Meridi;SSD10-42;SSD10;219183.1194;19717;11.11645379
Mundri;SSD10-43;SSD10;228636.9786;16503;13.85426762
Tombura;SSD10-44;SSD10;185983.5137;27940;6.656532346
Yambio;SSD10-45;SSD10;321511.8506;15848;20.28721925
Baki;SOM1-1;SOM1;37432.46309;3659;10.23024408
Boorama;SOM1-2;SOM1;319224.5948;3016;105.8436985
Lughaya;SOM1-3;SOM1;50643.93177;3483;14.5403192
Zeylac;SOM1-4;SOM1;43471.27285;6521;6.66635069
Ceel Barde;SOM2-5;SOM2;40752.27161;7736;5.267873787
Rab Dhuure;SOM2-6;SOM2;53513.66007;3417;15.66100675
Tiyeeglow;SOM2-7;SOM2;113132.5585;6707;16.86783338
Wajid;SOM2-8;SOM2;96734.78949;2761;35.03614252
Xudur;SOM2-9;SOM2;129787.5921;5331;24.34582483
Mogadisho;SOM3-10;SOM3;1313101.081;212;6193.873022
Bander-Beyla;SOM4-11;SOM4;19302.05513;11248;1.716043308
Bosaaso;SOM4-12;SOM4;281657.553;8152;34.55073025
Calawla;SOM4-13;SOM4;63852.80171;5090;12.54475476
Iskushuban;SOM4-14;SOM4;59182.99577;18409;3.214894659
Qandala;SOM4-15;SOM4;60524.9344;8243;7.342585757
Qardho;SOM4-16;SOM4;118345.9231;18626;6.353802378
Baydhabo;SOM5-17;SOM5;467387.247;13338;35.04177891
Buur Xakaba;SOM5-18;SOM5;168923.9135;17640;9.576185572
Diinsoor;SOM5-19;SOM5;104632.3254;9770;10.70955224
Qansax Dheere;SOM5-20;SOM5;139263.3645;3534;39.40672454
Caabudwaaq;SOM6-21;SOM6;65978.74541;6522;10.11633631
Cadaado;SOM6-22;SOM6;67902.86321;6837;9.931675181
Ceel Buur;SOM6-23;SOM6;110114.544;13421;8.204645254
Ceel Dheer;SOM6-24;SOM6;101842.6402;10434;9.760651736
Dhuusamareeb;SOM6-25;SOM6;127867.0667;12824;9.97091911
Baar-Dheere;SOM7-26;SOM7;145171.37;14898;9.744352936
Beled Xaawo;SOM7-27;SOM7;77623.23214;4142;18.74051959
Ceel Waaq;SOM7-28;SOM7;29646.12403;8313;3.5662365
Dolow;SOM7-29;SOM7;27533.10818;1649;16.69685153
Garbahaaray;SOM7-30;SOM7;77806.85625;8077;9.633138077
Luuk;SOM7-31;SOM7;87278.30277;8321;10.48891993
Beled Weyn;SOM8-32;SOM8;238502.3569;14958;15.94480258
Buulo Burdo;SOM8-33;SOM8;193963.2347;16180;11.98783898
Jalalaqsi;SOM8-34;SOM8;67168.26972;3290;20.41588745
Bu'aale;SOM9-35;SOM9;84666.91176;5564;15.21691441
Jilib;SOM9-36;SOM9;151268.1406;5089;29.72453145
Saakow;SOM9-37;SOM9;94853.70295;8283;11.45161209
Afmadow;SOM10-38;SOM10;77563.39085;27363;2.834608444
Badhaadhe;SOM10-39;SOM10;60870.76192;9830;6.192346075
Jamaame;SOM10-40;SOM10;179748.1143;2066;87.00295949
Kismaayo;SOM10-41;SOM10;224635.2067;8789;25.55867638
Gaalkacayo;SOM11-42;SOM11;214487.1136;15424;13.90606286
Goldogob;SOM11-43;SOM11;34381.77855;1886;18.22999923
Hobyo;SOM11-44;SOM11;93725.45723;25525;3.671908217
Jariiban;SOM11-45;SOM11;54775.32647;11341;4.82984979
Xarardheere;SOM11-46;SOM11;88756.72455;4989;17.79048397
Burtinle;SOM12-47;SOM12;47519.08396;9506;4.998851668
Eyl;SOM12-48;SOM12;44939.97615;9580;4.691020475
Garoowe;SOM12-49;SOM12;82775.97174;8862;9.340551991
Badhan;SOM13-50;SOM13;134147.1866;13161;10.19278068
Ceel-Afwein;SOM13-51;SOM13;89667.49691;15573;5.757882034
Ceerigaabo;SOM13-52;SOM13;157262.0669;26366;5.964578127
Aadan;SOM14-53;SOM14;47497.3988;4092;11.60737996
Balcad;SOM14-54;SOM14;179636.5186;4031;44.5637605
Cadale;SOM14-55;SOM14;61361.97198;5757;10.65867153
Jawhar;SOM14-56;SOM14;393313.9624;4770;82.45575732
Afgooye;SOM15-57;SOM15;321418.0702;4073;78.91433102
Baraawe;SOM15-58;SOM15;83109.07299;2848;29.18155653
Kuntuwaaray;SOM15-59;SOM15;77988.94799;2578;30.25172537
Marka;SOM15-60;SOM15;244052.3989;938;260.1837941
Qoryooley;SOM15-61;SOM15;206828.3018;3279;63.07663977
Sablale;SOM15-62;SOM15;64760.051;6318;10.25008721
Wanla Weyn;SOM15-63;SOM15;221067.814;5821;37.97763511
Caynabo;SOM16-64;SOM16;46498.68881;8952;5.194223504
Lascaanod;SOM16-65;SOM16;108083.1586;11407;9.475160743
Taleex;SOM16-66;SOM16;35254.7334;9050;3.895550652
Xudun;SOM16-67;SOM16;25678.1786;9341;2.748975334
Burao;SOM17-68;SOM17;425142.8573;16392;25.93599666
Buuhoodle;SOM17-69;SOM17;52275.81353;6924;7.549944184
Oodweyne;SOM17-70;SOM17;54234.05696;8133;6.668395052
Sheekh;SOM17-71;SOM17;49596.28402;3315;14.96117165
Berbera;SOM18-72;SOM18;88409.79963;10838;8.157390628
Gabiley;SOM18-73;SOM18;109644.3213;4136;26.50974887
Hargeysa;SOM18-74;SOM18;812201.432;13542;59.97647556
Aba North;NGA1-1;NGA1;215118.7515;18;11951.04175
Aba South;NGA1-2;NGA1;421646.1054;51;8267.570693
Arochukw;NGA1-3;NGA1;196447.0066;389;505.0051584
Bende;NGA1-4;NGA1;256300.4021;608;421.546714
Ikwuano;NGA1-5;NGA1;147423.5285;240;614.2647019
Isiala Ngwa North;NGA1-6;NGA1;170680.5949;255;669.3356661
Isiala Ngwa South;NGA1-7;NGA1;154032.2925;263;585.6741158
Isuikwua;NGA1-8;NGA1;116934.6319;339;344.939917
Oboma Ngwa;NGA1-9;NGA1;391004.2678;377;1037.146599
Ohafia Abia;NGA1-10;NGA1;344916.8516;572;603.0014888
Osisioma Ngwa;NGA1-11;NGA1;277859.318;194;1432.264526
Ugwunagbo;NGA1-12;NGA1;91871.97383;107;858.6165779
Ukwa East;NGA1-13;NGA1;61340.58947;248;247.3410866
Ukwa West;NGA1-14;NGA1;165285.8013;295;560.290852
Umu-Nneochi;NGA1-15;NGA1;210573.0653;455;462.7979458
Umuahia North;NGA1-16;NGA1;475563.7225;233;2041.046019
Umuahia South;NGA1-17;NGA1;94617.80461;132;716.8015501
Demsa;NGA2-18;NGA2;443769.618;2326;190.7865941
Fufore;NGA2-19;NGA2;274832.9515;4333;63.42786787
Ganye;NGA2-20;NGA2;218565.193;1909;114.4919817
Girie;NGA2-21;NGA2;150379.4418;1900;79.14707461
Gombi;NGA2-22;NGA2;126048.2451;1102;114.3813477
Guyuk;NGA2-23;NGA2;146028.1692;712;205.0957433
Hong;NGA2-24;NGA2;331172.4884;2783;118.9983789
Jada;NGA2-25;NGA2;111319.9229;1749;63.64775467
Lamurde;NGA2-26;NGA2;138162.524;1186;116.4945396
Madagali;NGA2-27;NGA2;106214.9002;597;177.9144057
Maiha;NGA2-28;NGA2;77624.08251;518;149.8534411
Mayo-Bel;NGA2-29;NGA2;221502.7753;2207;100.3637405
Michika;NGA2-30;NGA2;144451.3587;758;190.5690748
Mubi North;NGA2-31;NGA2;168589.554;667;252.7579521
Mubi South;NGA2-32;NGA2;68529.46675;214;320.231153
Numan;NGA2-33;NGA2;171514.7123;826;207.6449302
Shelleng;NGA2-34;NGA2;165887.207;1633;101.5843276
Song;NGA2-35;NGA2;267381.4622;4399;60.7823283
Teungo;NGA2-36;NGA2;62276.26078;4640;13.42160793
Yola North;NGA2-37;NGA2;133238.4686;142;938.2990748
Yola South;NGA2-38;NGA2;141393.4272;376;376.046349
Abak;NGA3-39;NGA3;156501.1517;179;874.3081099
Eastern Obolo;NGA3-40;NGA3;48714.66368;97;502.2130277
Eket;NGA3-41;NGA3;231573.4382;190;1218.807569
Esit Eket;NGA3-42;NGA3;72190.23975;140;515.6445697
Essien-U;NGA3-43;NGA3;226367.9917;301;752.0531284
EtimEkpo;NGA3-44;NGA3;112707.1208;195;577.9852349
Etinan;NGA3-45;NGA3;228245.8563;172;1327.010793
Ibeno;NGA3-46;NGA3;73877.81176;212;348.4802441
Ibesikpo Asutan;NGA3-47;NGA3;183474.5258;177;1036.579242
Ibiono Ibom;NGA3-48;NGA3;202390.3405;318;636.4476117
Ika;NGA3-49;NGA3;106585.0938;132;807.4628319
Ikono;NGA3-50;NGA3;160551.496;271;592.4409445
Ikot-Aba;NGA3-51;NGA3;166489.0127;336;495.503014
Ikot-Ekp;NGA3-52;NGA3;214048.3614;134;1597.375831
Ini;NGA3-53;NGA3;159099.4841;476;334.2426137
Itu;NGA3-54;NGA3;254944.8748;257;992.003404
Mbo;NGA3-55;NGA3;126547.3757;245;516.5199007
Mkpat Enin;NGA3-56;NGA3;229295.474;349;657.0070889
Nsit Atai;NGA3-57;NGA3;93405.84297;132;707.6200225
Nsit Ibom;NGA3-58;NGA3;104224.5643;121;861.3600357
Nsit Ubium;NGA3-59;NGA3;145563.1134;205;710.0639676
Obot Akara;NGA3-60;NGA3;161594.9122;234;690.5765479
Okobo;NGA3-61;NGA3;132963.407;277;480.0122997
Onna;NGA3-62;NGA3;146531.3353;152;964.0219426
Oron;NGA3-63;NGA3;134926.7941;82;1645.448708
Oruk-Ana;NGA3-64;NGA3;197449.2886;473;417.4403564
Udung Uko;NGA3-65;NGA3;58367.67148;54;1080.882805
Ukanafun;NGA3-66;NGA3;174905.1224;281;622.438158
Uruan;NGA3-67;NGA3;169123.379;293;577.2128977
UrueOffo;NGA3-68;NGA3;83542.88585;128;652.6787957
Uyo;NGA3-69;NGA3;374428.6773;190;1970.677249
Aguata;NGA4-70;NGA4;455084.8556;164;2774.907656
Anambra East;NGA4-71;NGA4;474604.1314;383;1239.175278
Anambra West;NGA4-72;NGA4;165553.6779;750;220.7382372
Anaocha;NGA4-73;NGA4;398007.621;106;3754.788878
AwkaNort;NGA4-74;NGA4;189087.1235;393;481.1377187
AwkaSout;NGA4-75;NGA4;343895.5819;173;1987.835734
Ayamelum;NGA4-76;NGA4;207540.9998;575;360.9408692
Dunukofia;NGA4-77;NGA4;162808.9473;59;2759.473683
Ekwusigo;NGA4-78;NGA4;192170.6894;108;1779.358235
Idemili North;NGA4-79;NGA4;313716.2688;88;3564.9576
Idemili South;NGA4-80;NGA4;238453.1186;112;2129.045701
Ihiala;NGA4-81;NGA4;264223.8506;224;1179.570762
Njikoka;NGA4-82;NGA4;266334.5309;95;2803.521378
NnewiNort;NGA4-83;NGA4;208717.4365;65;3211.037485
NnewiSou;NGA4-84;NGA4;321231.0422;170;1889.594366
Ogbaru;NGA4-85;NGA4;107954.5386;402;268.5436284
Onitsha North;NGA4-86;NGA4;184476.6286;28;6588.451021
Onitsha South;NGA4-87;NGA4;10314.51909;17;606.736417
OrumbaNo;NGA4-88;NGA4;349058.3456;368;948.5281132
OrumbaSo;NGA4-89;NGA4;232408.006;234;993.1966069
Oyi;NGA4-90;NGA4;391949.6702;133;2946.990001
Alkaleri;NGA5-91;NGA5;450477.3267;6240;72.19187929
Bauchi;NGA5-92;NGA5;738635.1465;4050;182.3790485
Bogoro;NGA5-93;NGA5;78411.60751;665;117.9121917
Damban;NGA5-94;NGA5;167237.8369;1011;165.4182363
Darazo;NGA5-95;NGA5;248237.6473;2552;97.27180536
Dass;NGA5-96;NGA5;101734.3078;538;189.0972263
Gamawa;NGA5-97;NGA5;359081.361;3054;117.5773939
Gamjuwa;NGA5-98;NGA5;359518.5854;5412;66.42989383
Giade;NGA5-99;NGA5;151963.9584;671;226.4738575
Itas/Gad;NGA5-100;NGA5;287322.0918;1583;181.5047958
Jama'are;NGA5-101;NGA5;177625.532;562;316.0596654
Katagum;NGA5-102;NGA5;533912.9691;1997;267.3575208
Kirfi;NGA5-103;NGA5;196804.2573;2574;76.45853041
Misau;NGA5-104;NGA5;310572.2885;1244;249.6561805
Ningi;NGA5-105;NGA5;540454.1915;5304;101.8955866
Shira;NGA5-106;NGA5;222094.4176;929;239.0682644
Tafawa-B;NGA5-107;NGA5;247266.3759;2226;111.0810314
Toro;NGA5-108;NGA5;472327.5696;7246;65.1845942
Warji;NGA5-109;NGA5;137437.3094;665;206.6726457
Zaki;NGA5-110;NGA5;248657.4864;1734;143.4010879
Brass;NGA6-111;NGA6;272814.6859;1721;158.5210261
Ekeremor;NGA6-112;NGA6;324521.336;1814;178.8982007
Kolokuma/Opokuma;NGA6-113;NGA6;124149.6109;447;277.7396217
Nembe;NGA6-114;NGA6;157123.1743;874;179.7747989
Ogbia;NGA6-115;NGA6;219014.2526;758;288.9370088
Sagbama;NGA6-116;NGA6;210188.751;900;233.5430567
Southern Ijaw;NGA6-117;NGA6;374924.6261;2597;144.3683582
Yenegoa;NGA6-118;NGA6;402149.2502;752;534.7729391
Ado;NGA7-119;NGA7;209158.8616;1057;197.8797177
Agatu;NGA7-120;NGA7;165019.922;1265;130.4505312
Apa;NGA7-121;NGA7;116193.0978;904;128.5321878
Buruku;NGA7-122;NGA7;285588.9945;1607;177.7156157
Gboko;NGA7-123;NGA7;503648.4398;1948;258.546427
Guma;NGA7-124;NGA7;261587.8584;2850;91.78521348
Gwer East;NGA7-125;NGA7;272116.9183;2506;108.5861605
GwerWest;NGA7-126;NGA7;157589.6394;1260;125.0711424
Katsina (Benue);NGA7-127;NGA7;367779.2136;2729;134.7670259
Konshish;NGA7-128;NGA7;266839.7993;1558;171.2707313
Kwande;NGA7-129;NGA7;268115.8506;3103;86.40536597
Logo;NGA7-130;NGA7;179894.3151;1399;128.5877878
Makurdi;NGA7-131;NGA7;436617.2795;847;515.4867526
Obi;NGA7-132;NGA7;86056.8539;423;203.444099
Ogbadibo;NGA7-133;NGA7;210833.6157;521;404.6710475
Ohimini;NGA7-134;NGA7;101994.7022;639;159.6161225
Oju;NGA7-135;NGA7;188882.4413;1110;170.1643615
Okpokwu;NGA7-136;NGA7;192936.1921;734;262.8558476
Oturkpo;NGA7-137;NGA7;375704.6389;1352;277.8880465
Tarka;NGA7-138;NGA7;71183.63272;389;182.9913438
Ukum;NGA7-139;NGA7;267766.9301;1532;174.7825915
Ushongo;NGA7-140;NGA7;312232.8531;1281;243.7414934
Vandeiky;NGA7-141;NGA7;226253.6149;774;292.3173319
Abadam;NGA8-142;NGA8;89144.6165;2504;35.60088518
Askira/U;NGA8-143;NGA8;240231.6617;2242;107.1506074
Bama;NGA8-144;NGA8;277842.1252;4696;59.16569958
Bayo;NGA8-145;NGA8;98130.94541;1086;90.35998656
Biu;NGA8-146;NGA8;211266.8495;3394;62.24715661
Chibok;NGA8-147;NGA8;85886.96343;1428;60.14493237
Damboa;NGA8-148;NGA8;372291.2608;6625;56.19490729
Dikwa;NGA8-149;NGA8;125857.046;1835;68.58694603
Gubio;NGA8-150;NGA8;183288.2875;2572;71.26294227
Guzamala;NGA8-151;NGA8;125886.1907;2378;52.93784302
Gwoza;NGA8-152;NGA8;277787.5154;2460;112.9217542
Hawul;NGA8-153;NGA8;169404.8756;2119;79.9456704
Jere;NGA8-154;NGA8;113748.351;895;127.0931297
Kaga;NGA8-155;NGA8;99093.42536;2838;34.91664037
Kala/Balge;NGA8-156;NGA8;54932.81524;1258;43.66678477
Konduga;NGA8-157;NGA8;802040.3047;6026;133.096632
Kukawa;NGA8-158;NGA8;137178.2325;2146;63.92275514
Kwaya Kusar;NGA8-159;NGA8;62010.42176;750;82.68056235
Lake Chad;NGA8-160;NGA8;185528.4337;5379;34.49124999
Mafa;NGA8-161;NGA8;140731.1418;3006;46.81674709
Magumeri;NGA8-162;NGA8;194323.0462;5263;36.92248645
Maidugur;NGA8-163;NGA8;435099.6628;134;3247.012409
Marte;NGA8-164;NGA8;190257.7117;2340;81.30671441
Mobbar;NGA8-165;NGA8;168884.4097;3338;50.59449062
Monguno;NGA8-166;NGA8;106772.1703;1555;68.66377513
Ngala;NGA8-167;NGA8;227866.3626;1375;165.720991
Nganzai;NGA8-168;NGA8;122479.6244;2569;47.67599236
Shani;NGA8-169;NGA8;132125.3153;1219;108.3882816
Abi;NGA9-170;NGA9;247045.3911;289;854.8283428
Akamkpa;NGA9-171;NGA9;290908.7389;5439;53.48570305
Akpabuyo;NGA9-172;NGA9;421438.7899;796;529.4457159
Bakassi;NGA9-173;NGA9;15032.98717;96;156.5936164
Bekwarra;NGA9-174;NGA9;128901.7141;317;406.6300129
Biase;NGA9-175;NGA9;210347.0437;1268;165.8888357
Boki;NGA9-176;NGA9;246300.1626;2945;83.63333197
Calabar South;NGA9-177;NGA9;16478.00371;183;90.04373612
Calabar;NGA9-178;NGA9;415027.3802;161;2577.809815
Etung;NGA9-179;NGA9;100983.5258;941;107.3151177
Ikom;NGA9-180;NGA9;258719.5649;2025;127.7627481
Obanliku;NGA9-181;NGA9;179497.8655;968;185.4316793
Obubra;NGA9-182;NGA9;242625.4375;1171;207.1950789
Obudu;NGA9-183;NGA9;137890.4525;384;359.0897201
Odukpani;NGA9-184;NGA9;182895.0866;1127;162.2849039
Ogoja;NGA9-185;NGA9;205296.6331;987;208.0006415
Yakurr;NGA9-186;NGA9;246977.1582;677;364.8111643
Yala Cross;NGA9-187;NGA9;279960.4731;1783;157.01653
AniochaN;NGA10-188;NGA10;148031.697;472;313.6264767
AniochaS;NGA10-189;NGA10;176687.8827;875;201.9290088
Bomadi;NGA10-190;NGA10;84413.31515;126;669.9469456
Burutu;NGA10-191;NGA10;237017.7123;1753;135.2069094
Ethiope West;NGA10-192;NGA10;321259.8066;550;584.1087393
EthiopeE;NGA10-193;NGA10;242093.6058;391;619.1652322
IkaNorth;NGA10-194;NGA10;224626.9705;510;440.4450402
IkaSouth;NGA10-195;NGA10;234439.3063;548;427.8089532
IsokoNor;NGA10-196;NGA10;181183.2732;489;370.5179412
IsokoSou;NGA10-197;NGA10;281789.2817;686;410.7715477
Ndokwa East;NGA10-198;NGA10;148540.7784;1728;85.96109862
Ndokwa West;NGA10-199;NGA10;194036.836;869;223.2874983
Okpe;NGA10-200;NGA10;169541.0404;441;384.4468036
Oshimili North;NGA10-201;NGA10;138142.2253;504;274.0917169
Oshimili South;NGA10-202;NGA10;203177.1121;310;655.4100389
Patani;NGA10-203;NGA10;80219.96035;212;378.3960394
Sapele;NGA10-204;NGA10;165260.1414;438;377.3062588
Udu;NGA10-205;NGA10;211512.9145;136;1555.242018
Ughelli North;NGA10-206;NGA10;438455.3359;828;529.5354299
Ughelli South;NGA10-207;NGA10;259589.9749;786;330.2671436
Ukwuani;NGA10-208;NGA10;151448.6245;420;360.591963
Uvwie;NGA10-209;NGA10;276951.3509;100;2769.513509
Warri North;NGA10-210;NGA10;115536.4246;1652;69.93730303
Warri South-West;NGA10-211;NGA10;113131.5721;1461;77.43434092
Warri South;NGA10-212;NGA10;339518.7529;531;639.395015
Abakalik;NGA11-213;NGA11;154500.7852;543;284.5318328
Afikpo;NGA11-214;NGA11;160001.394;201;796.0268356
AfikpoSo;NGA11-215;NGA11;184642.5784;334;552.8220909
Ebonyi;NGA11-216;NGA11;261388.6886;461;567.003663
Ezza North;NGA11-217;NGA11;165329.8898;309;535.048187
Ezza South;NGA11-218;NGA11;176792.203;332;532.5066356
Ikwo;NGA11-219;NGA11;223051.1343;467;477.6255553
Ishielu;NGA11-220;NGA11;194080.9702;924;210.04434
Ivo;NGA11-221;NGA11;155877.2388;292;533.8261602
Izzi;NGA11-222;NGA11;295615.5473;1105;267.5253821
Ohaozara;NGA11-223;NGA11;177758.2611;304;584.7311219
Ohaukwu;NGA11-224;NGA11;259909.341;543;478.6544033
Onicha;NGA11-225;NGA11;259123.1232;452;573.2812461
Akoko-Ed;NGA12-226;NGA12;321828.9598;1314;244.9231049
Egor;NGA12-227;NGA12;369140.3147;109;3386.608392
EsanCent;NGA12-228;NGA12;120187.7982;258;465.844179
EsanNort;NGA12-229;NGA12;155770.4828;349;446.3337616
EsanSout;NGA12-230;NGA12;219622.3275;1287;170.6467191
EsanWest;NGA12-231;NGA12;172574.9543;510;338.3822634
Etsako Central;NGA12-232;NGA12;115179.1149;689;167.1685266
EtsakoEa;NGA12-233;NGA12;207121.6925;1245;166.3628052
EtsakoWe;NGA12-234;NGA12;283232.362;980;289.0126143
Igueben;NGA12-235;NGA12;78613.48976;402;195.5559447
Ikpoba-Okha;NGA12-236;NGA12;809402.0556;848;954.4835562
Oredo Edo;NGA12-237;NGA12;244063.1685;265;920.9930887
Orhionmw;NGA12-238;NGA12;245976.2952;2332;105.4786858
OviaNort;NGA12-239;NGA12;195032.0917;2390;81.60338563
OviaSouth-West;NGA12-240;NGA12;212053.1927;2865;74.01507599
Owan East;NGA12-241;NGA12;197268.8446;1250;157.8150757
OwanWest;NGA12-242;NGA12;121964.2385;712;171.2980878
Uhunmwonde;NGA12-243;NGA12;254491.3129;2045;124.4456298
Ado-Ekiti;NGA13-244;NGA13;377373.897;327;1154.048615
Efon;NGA13-245;NGA13;159267.5301;181;879.9311056
EkitiEas;NGA13-246;NGA13;88473.13645;223;396.7405222
EkitiSouth-West;NGA13-247;NGA13;162515.1041;310;524.2422714
EkitiWest;NGA13-248;NGA13;170206.9626;280;607.8820093
Emure/Ise/Orun;NGA13-249;NGA13;226910.8153;290;782.4510871
Gboyin;NGA13-250;NGA13;127825.0321;425;300.7647813
Ido/Osi;NGA13-251;NGA13;199810.3264;265;754.0012317
Ijero;NGA13-252;NGA13;320604.3317;352;910.8077604
Ikere;NGA13-253;NGA13;197667.9208;206;959.5530136
Ikole;NGA13-254;NGA13;210980.4541;1017;207.4537405
Ilejemeje;NGA13-255;NGA13;66397.49825;101;657.4009727
Irepodun/Ifelodun;NGA13-256;NGA13;238901.9982;384;622.1406202
Ise/Orun;NGA13-257;NGA13;127981.8257;340;376.4171343
Moba;NGA13-258;NGA13;129795.6798;142;914.0540834
Oye;NGA13-259;NGA13;179004.2162;474;377.6460257
Aninri;NGA14-260;NGA14;113164.7356;295;383.6092731
Awgu;NGA14-261;NGA14;270106.1246;455;593.6398343
Enugu East;NGA14-262;NGA14;219817.3;334;658.1356289
Enugu North;NGA14-263;NGA14;552989.0327;160;3456.181455
EnuguSou;NGA14-264;NGA14;246346.2274;71;3469.665175
Ezeagu;NGA14-265;NGA14;208359.0057;623;334.4446319
Igbo-Eti;NGA14-266;NGA14;269027.0677;351;766.4588823
Igbo-eze North;NGA14-267;NGA14;322999.7898;333;969.9693388
Igbo-eze South;NGA14-268;NGA14;161816.9117;186;869.9833961
Isi-Uzo;NGA14-269;NGA14;198666.1837;902;220.2507579
Nkanu East;NGA14-270;NGA14;217024.1513;836;259.5982671
Nkanu West;NGA14-271;NGA14;213263.9525;278;767.1365196
Nsukka;NGA14-272;NGA14;404413.0896;504;802.4069237
Oji-River;NGA14-273;NGA14;171514.5822;376;456.1558037
Udenu;NGA14-274;NGA14;171054.7432;254;673.443871
Udi;NGA14-275;NGA14;321949.9455;933;345.0696093
Uzo-Uwani;NGA14-276;NGA14;152733.9002;911;167.6552143
Abaji;NGA15-277;NGA15;64208.70332;1017;63.1354015
AbujaMun;NGA15-278;NGA15;867464.0156;1608;539.4676714
Bwari;NGA15-279;NGA15;366344.5461;831;440.8478293
Gwagwala;NGA15-280;NGA15;130801.4268;982;133.199009
Kuje;NGA15-281;NGA15;116289.6039;1732;67.14180364
Kwali;NGA15-282;NGA15;108833.1978;1317;82.63720407
Akko;NGA16-283;NGA16;826352.3657;2916;283.3855849
Balanga;NGA16-284;NGA16;331381.9889;1833;180.7866824
Billiri;NGA16-285;NGA16;247297.3197;854;289.5753158
Dukku;NGA16-286;NGA16;261084.4411;3767;69.30831992
Funakaye;NGA16-287;NGA16;332927.3053;1444;230.5590757
Gombe;NGA16-288;NGA16;1801.668144;15;120.1112096
Kaltungo;NGA16-289;NGA16;196141.7099;1079;181.7810101
Kwami;NGA16-290;NGA16;212589.604;1691;125.7182756
Nafada;NGA16-291;NGA16;203860.248;1936;105.2997149
Shomgom;NGA16-292;NGA16;214124.2706;866;247.2566635
Yamaltu;NGA16-293;NGA16;312015.5153;2210;141.1834911
Aboh-Mba;NGA17-294;NGA17;226176.2306;169;1338.320891
Ahizu-Mb;NGA17-295;NGA17;210494.9572;103;2043.640361
Ehime-Mb;NGA17-296;NGA17;170108.0888;152;1119.132163
Ezinihit;NGA17-297;NGA17;166245.2642;100;1662.452642
Ideato South;NGA17-298;NGA17;151186.1791;86;1757.978826
IdeatoNo;NGA17-299;NGA17;214167.1454;188;1139.186943
Ihitte/U;NGA17-300;NGA17;133793.5694;72;1858.244019
Ikeduru;NGA17-301;NGA17;164177.9798;181;907.0606617
IsialaMb;NGA17-302;NGA17;226327.6959;185;1223.392951
Isu;NGA17-303;NGA17;152623.1619;36;4239.532275
Mbaitoli;NGA17-304;NGA17;324599.5507;193;1681.862957
Ngor-Okp;NGA17-305;NGA17;209012.518;610;342.6434722
Njaba;NGA17-306;NGA17;201701.0953;81;2490.136979
Nkwerre;NGA17-307;NGA17;106195.0562;40;2654.876404
Nwangele;NGA17-308;NGA17;134741.8341;55;2449.851529
Obowo;NGA17-309;NGA17;133199.6339;76;1752.626761
Oguta;NGA17-310;NGA17;193794.1846;484;400.4012078
Ohaji/Eg;NGA17-311;NGA17;304614.8415;1160;262.5990013
Okigwe;NGA17-312;NGA17;170079.9401;269;632.2674354
Orlu;NGA17-313;NGA17;241272.2739;131;1841.773084
Orsu;NGA17-314;NGA17;238639.4562;138;1729.271421
Oru East;NGA17-315;NGA17;166661.6619;144;1157.372652
Oru West;NGA17-316;NGA17;156721.3694;93;1685.176015
Owerri Municipal;NGA17-317;NGA17;156067.5623;34;4590.222421
Owerri North;NGA17-318;NGA17;189132.7208;200;945.6636038
Owerri West;NGA17-319;NGA17;175297.4387;306;572.8674466
Unuimo;NGA17-320;NGA17;95707.67562;86;1112.879949
Auyo;NGA18-321;NGA18;127642.323;513;248.8154445
Babura;NGA18-322;NGA18;214888.4444;1072;200.4556385
Biriniwa;NGA18-323;NGA18;197608.8256;1632;121.0838392
BirninKu;NGA18-324;NGA18;403190.7221;1468;274.6530805
Buji;NGA18-325;NGA18;120643.0474;559;215.819405
Dutse;NGA18-326;NGA18;343282.2906;1061;323.5459855
Gagarawa;NGA18-327;NGA18;119738.0631;743;161.1548628
Garki;NGA18-328;NGA18;177717.0079;1332;133.4211771
Gumel;NGA18-329;NGA18;148351.8114;245;605.5175976
Guri;NGA18-330;NGA18;155119.1383;1103;140.6338516
Gwaram;NGA18-331;NGA18;345574.8112;2070;166.9443533
Gwiwa;NGA18-332;NGA18;190951.2524;578;330.3654885
Hadejia;NGA18-333;NGA18;126936.4862;49;2590.540535
Jahun;NGA18-334;NGA18;297037.7814;1232;241.1020953
KafinHau;NGA18-335;NGA18;292461.9471;1436;203.6643086
Kaugama;NGA18-336;NGA18;195798.4373;881;222.2456723
Kazaure;NGA18-337;NGA18;235445.1219;377;624.5228698
KiriKasa;NGA18-338;NGA18;217219.6798;830;261.7104576
Kiyawa;NGA18-339;NGA18;236456.8647;1133;208.6997923
Maigatari;NGA18-340;NGA18;259740.9911;1129;230.0628796
MalamMad;NGA18-341;NGA18;322814.9605;808;399.5234659
Miga;NGA18-342;NGA18;161207.8116;634;254.2709963
Ringim;NGA18-343;NGA18;254108.0725;894;284.2372176
Roni;NGA18-344;NGA18;66486.49337;244;272.4856286
Sule-Tan;NGA18-345;NGA18;292384.1921;1529;191.2257633
Taura;NGA18-346;NGA18;139987.4854;696;201.1314445
Yankwashi;NGA18-347;NGA18;154586.1448;460;336.0568365
Birnin-G;NGA19-348;NGA19;351913.8405;6410;54.90075515
Chikun;NGA19-349;NGA19;489598.0364;4971;98.49085424
Giwa;NGA19-350;NGA19;354639.575;2000;177.3197875
Igabi;NGA19-351;NGA19;875098.3397;3579;244.5091757
Ikara;NGA19-352;NGA19;240458.7143;923;260.5186503
Jaba;NGA19-353;NGA19;194732.7176;437;445.6126261
Jema'a;NGA19-354;NGA19;292851.6742;1739;168.4023429
Kachia;NGA19-355;NGA19;333640.0081;4703;70.94195367
Kaduna North;NGA19-356;NGA19;362722.2657;90;4030.247397
Kaduna South;NGA19-357;NGA19;391351.8295;61;6415.603763
Kagarko;NGA19-358;NGA19;385997.7123;2271;169.9681692
Kajuru;NGA19-359;NGA19;239383.9476;2276;105.1774814
Kaura;NGA19-360;NGA19;231829.289;517;448.4125512
Kauru;NGA19-361;NGA19;140803.3953;2790;50.46716679
Kubau;NGA19-362;NGA19;337224.2583;2478;136.0872713
Kudan;NGA19-363;NGA19;155956.4323;404;386.0307729
Lere;NGA19-364;NGA19;411377.9038;2369;173.6504448
Makarfi;NGA19-365;NGA19;165564.7396;530;312.386301
Sabon-Ga;NGA19-366;NGA19;468617.7669;250;1874.471068
Sanga;NGA19-367;NGA19;185963.4016;1344;138.3656262
Soba;NGA19-368;NGA19;354830.6699;2205;160.9209387
ZangonKa;NGA19-369;NGA19;476179.1035;2679;177.7450928
Zaria;NGA19-370;NGA19;458349.1437;310;1478.545625
Ajingi;NGA20-371;NGA20;380676.0883;711;535.4094068
Albasu;NGA20-372;NGA20;226351.0372;471;480.5754506
Bagwai;NGA20-373;NGA20;151108.7909;393;384.5007402
Bebeji;NGA20-374;NGA20;278155.7887;776;358.4481814
Bichi;NGA20-375;NGA20;414884.6913;626;662.755098
Bunkure;NGA20-376;NGA20;222676.0052;481;462.9438779
Dala;NGA20-377;NGA20;131069.3382;26;5041.128391
Dambatta;NGA20-378;NGA20;328882.4563;821;400.5876446
DawakinK;NGA20-379;NGA20;232336.7471;360;645.3798531
DawakinT;NGA20-380;NGA20;340344.4187;460;739.8791711
Doguwa;NGA20-381;NGA20;209129.7053;1476;141.6867922
Fagge;NGA20-382;NGA20;821322.3418;28;29332.94078
Gabasawa;NGA20-383;NGA20;297361.228;677;439.2337193
Garko;NGA20-384;NGA20;203371.3496;469;433.6276111
Garum Mallam;NGA20-385;NGA20;135229.4849;246;549.7133532
Gaya;NGA20-386;NGA20;158642.1538;634;250.2242174
Gezawa;NGA20-387;NGA20;658780.0529;374;1761.443992
Gwale;NGA20-388;NGA20;428964.9409;24;17873.5392
Gwarzo;NGA20-389;NGA20;220026.0116;372;591.467773
Kabo;NGA20-390;NGA20;158617.6321;322;492.6013421
Kano;NGA20-391;NGA20;177701.0337;27;6581.519765
Karaye;NGA20-392;NGA20;164556.5001;461;356.9555317
Kibiya;NGA20-393;NGA20;156109.3142;382;408.6631263
Kiru;NGA20-394;NGA20;284053.1056;850;334.1801242
Kumbotso;NGA20-395;NGA20;305110.8384;167;1827.011008
Kunchi;NGA20-396;NGA20;134426.5095;725;185.4158752
Kura;NGA20-397;NGA20;207990.6945;247;842.0675889
Madobi;NGA20-398;NGA20;147544.5786;274;538.4838636
Makoda;NGA20-399;NGA20;201252.9993;414;486.1183557
Minjibir;NGA20-400;NGA20;284021.6832;426;666.7175661
Nassaraw;NGA20-401;NGA20;583531.101;19;30712.16321
Rano;NGA20-402;NGA20;152279.4146;484;314.6268896
RiminGad;NGA20-403;NGA20;116008.7064;215;539.5753786
Rogo;NGA20-404;NGA20;292779.2205;833;351.4756549
Shanono;NGA20-405;NGA20;180313.0754;642;280.8614881
Sumaila;NGA20-406;NGA20;289107.1692;1217;237.5572467
Takai;NGA20-407;NGA20;306752.2728;804;381.5326776
Tarauni;NGA20-408;NGA20;463002.932;24;19291.78884
Tofa;NGA20-409;NGA20;106920.7533;209;511.5825515
Tsanyawa;NGA20-410;NGA20;127845.8932;423;302.236154
Tundun Wada;NGA20-411;NGA20;269953.9635;1157;233.3223539
Ungogo;NGA20-412;NGA20;745040.598;192;3880.419781
Warawa;NGA20-413;NGA20;284199.8655;354;802.8244789
Wudil;NGA20-414;NGA20;273577.1213;344;795.2823294
Bakori;NGA21-415;NGA21;189505.8656;685;276.6508987
Batagarawa;NGA21-416;NGA21;235867.9769;455;518.391158
Batsari;NGA21-417;NGA21;246291.0336;1102;223.4945858
Baure;NGA21-418;NGA21;252115.6922;756;333.4863653
Bindawa;NGA21-419;NGA21;175442.7627;404;434.2642642
Charanchi;NGA21-420;NGA21;156978.2003;477;329.0947594
Dandume;NGA21-421;NGA21;174275.5099;438;397.8892921
Danja;NGA21-422;NGA21;144753.2019;477;303.465832
Danmusa;NGA21-423;NGA21;148978.5462;815;182.7957622
Daura;NGA21-424;NGA21;265890.9006;324;820.6509279
Dutsi;NGA21-425;NGA21;146856.1087;297;494.4650124
Dutsin-M;NGA21-426;NGA21;242192.1157;561;431.7150012
Faskari;NGA21-427;NGA21;252649.8395;1741;145.1176563
Funtua;NGA21-428;NGA21;324798.2238;493;658.8199267
Ingawa;NGA21-429;NGA21;201048.9942;786;255.7875244
Jibia;NGA21-430;NGA21;222781.7585;1130;197.1519987
Kafur;NGA21-431;NGA21;249677.1222;1055;236.6607794
Kaita;NGA21-432;NGA21;256633.3387;1001;256.3769618
Kankara;NGA21-433;NGA21;304221.7594;1471;206.8128888
Kankiya;NGA21-434;NGA21;230264.449;876;262.85896
Katsina (K);NGA21-435;NGA21;460163.736;150;3067.75824
Kurfi;NGA21-436;NGA21;146539.7134;573;255.7412101
Kusada;NGA21-437;NGA21;142548.1927;410;347.6785188
Mai'Adua;NGA21-438;NGA21;311785.7764;594;524.8918795
Malumfashi;NGA21-439;NGA21;243164.0241;678;358.6490032
Mani;NGA21-440;NGA21;228555.8465;798;286.4108352
Mashi;NGA21-441;NGA21;222407.4189;937;237.3611728
Matazu;NGA21-442;NGA21;133387.8045;530;251.6751029
Musawa;NGA21-443;NGA21;212843.5794;884;240.7732799
Rimi;NGA21-444;NGA21;222010.6987;487;455.8741247
Sabuwa;NGA21-445;NGA21;157935.7106;680;232.258398
Safana;NGA21-446;NGA21;176184.5229;1389;126.8427091
Sandamu;NGA21-447;NGA21;228899.8109;296;773.3101719
Zango;NGA21-448;NGA21;225878.5096;666;339.1569213
Aleiro;NGA22-449;NGA22;180220.886;376;479.3108671
Arewa;NGA22-450;NGA22;345568.701;5088;67.91837676
Argungu;NGA22-451;NGA22;258525.9256;1241;208.3206492
Augie;NGA22-452;NGA22;270500.097;1563;173.0646814
Bagudo;NGA22-453;NGA22;320389.8313;5028;63.72112794
BirninKe;NGA22-454;NGA22;307142.7401;1287;238.6501477
Bunza;NGA22-455;NGA22;137933.2239;829;166.385071
Dandi;NGA22-456;NGA22;230870.1494;2263;102.0195092
Danko Wasagu;NGA22-457;NGA22;291896.1655;3520;82.92504703
Fakai;NGA22-458;NGA22;138719.2795;2004;69.22119735
Gwandu;NGA22-459;NGA22;270086.9821;879;307.2661912
Jega;NGA22-460;NGA22;169134.076;927;182.4531564
Kalgo;NGA22-461;NGA22;73360.82956;715;102.6025588
Koko/Bes;NGA22-462;NGA22;180108.6234;1339;134.5098009
Maiyama;NGA22-463;NGA22;256227.9961;1519;168.6820251
Ngaski;NGA22-464;NGA22;154389.1726;2646;58.34813778
Sakaba;NGA22-465;NGA22;122009.803;1389;87.84003097
Shanga;NGA22-466;NGA22;130809.0842;1535;85.21764445
Suru;NGA22-467;NGA22;166459.3204;1319;126.2011527
Yauri;NGA22-468;NGA22;74247.62061;973;76.30793485
Zuru;NGA22-469;NGA22;171077.0847;535;319.7702518
Adavi;NGA23-470;NGA23;488053.1945;726;672.2495793
Ajaokuta;NGA23-471;NGA23;185192.099;1391;133.1359447
Ankpa;NGA23-472;NGA23;358673.7725;1283;279.5586692
Bassa;NGA23-473;NGA23;193419.8637;1946;99.39355791
Dekina;NGA23-474;NGA23;323215.7996;2523;128.1077287
Ibaji;NGA23-475;NGA23;159527.4775;1395;114.3566147
Idah;NGA23-476;NGA23;49780.40488;48;1037.091768
Igalamela-Odolu;NGA23-477;NGA23;242878.3515;2017;120.4156428
Ijumu;NGA23-478;NGA23;104950.7653;926;113.3377595
Kabba/Bu;NGA23-479;NGA23;222392.4479;2735;81.31350928
Kotonkar;NGA23-480;NGA23;143391.7707;1553;92.3321125
Lokoja;NGA23-481;NGA23;313242.154;3450;90.79482725
Mopa-Muro;NGA23-482;NGA23;65046.55729;890;73.08601943
Ofu;NGA23-483;NGA23;225203.4284;1676;134.3695874
Ogori/Magongo;NGA23-484;NGA23;45163.44306;76;594.2558298
Okehi;NGA23-485;NGA23;391244.9007;738;530.1421419
Okene;NGA23-486;NGA23;69265.44513;293;236.4008366
Olamabor;NGA23-487;NGA23;248562.0469;1222;203.4059304
Omala;NGA23-488;NGA23;144736.5805;1774;81.58770037
Yagba East;NGA23-489;NGA23;196380.0725;1539;127.6023863
Yagba West;NGA23-490;NGA23;171018.9153;1196;142.9924041
Asa;NGA24-491;NGA24;503775.4601;1591;316.6407668
Baruten;NGA24-492;NGA24;281031.2937;10519;26.71654089
Edu;NGA24-493;NGA24;250582.0167;2560;97.88360026
Ekiti;NGA24-494;NGA24;78059.78304;554;140.9021354
Ifelodun;NGA24-495;NGA24;269416.0732;3523;76.4734809
Ilorin East;NGA24-496;NGA24;264559.1946;440;601.2708967
Ilorin South;NGA24-497;NGA24;128875.9783;169;762.5797535
IlorinWe;NGA24-498;NGA24;354153.7832;100;3541.537832
Irepodun;NGA24-499;NGA24;165853.3943;754;219.964714
Isin;NGA24-500;NGA24;98089.94353;641;153.026433
Kaiama;NGA24-501;NGA24;166923.0576;8015;20.82633283
Moro;NGA24-502;NGA24;148353.3917;3229;45.94406679
Offa;NGA24-503;NGA24;152751.1752;99;1542.941163
Oke-Ero;NGA24-504;NGA24;95617.52518;424;225.5130311
Oyun;NGA24-505;NGA24;120026.1411;484;247.9878949
Pategi;NGA24-506;NGA24;143779.462;2992;48.05463302
Agege;NGA25-507;NGA25;496686.3027;17;29216.84134
Ajeromi/Ifelodun;NGA25-508;NGA25;418903.4897;12;34908.62415
Alimosho;NGA25-509;NGA25;1394506.218;149;9359.102132
Amuwo Odofin;NGA25-510;NGA25;816959.6252;176;4641.816052
Apapa;NGA25-511;NGA25;963373.7921;42;22937.47124
Badagary;NGA25-512;NGA25;330635.8479;499;662.5968895
Epe;NGA25-513;NGA25;246745.7838;1213;203.4177937
Eti-Osa;NGA25-514;NGA25;370246.0834;183;2023.202642
Ibeju/Lekki;NGA25-515;NGA25;153995.3382;464;331.8865047
Ifako/Ijaye;NGA25-516;NGA25;509009.5021;34;14970.86771
Ikeja;NGA25-517;NGA25;821207.8504;46;17852.34457
Ikorodu;NGA25-518;NGA25;720317.2068;373;1931.145326
Kosofe;NGA25-519;NGA25;792351.7029;75;10564.68937
LagosIsland;NGA25-520;NGA25;604091.5272;241;2506.603847
Mainland;NGA25-521;NGA25;809365.2822;23;35189.79488
Mushin;NGA25-522;NGA25;400635.0625;18;22257.50347
Ojo;NGA25-523;NGA25;732687.2442;182;4025.754089
Oshodi/Isolo;NGA25-524;NGA25;620604.2625;39;15912.92981
Shomolu;NGA25-525;NGA25;709152.5088;18;39397.3616
Surulere;NGA25-526;NGA25;1088944.383;31;35127.23816
Akwanga;NGA26-527;NGA26;123099.9973;861;142.9732837
Awe;NGA26-528;NGA26;143828.9642;2661;54.05071935
Doma;NGA26-529;NGA26;165505.4191;2638;62.73897617
Karu;NGA26-530;NGA26;362291.7564;2697;134.3313891
Keana;NGA26-531;NGA26;102558.2669;1069;95.93850977
Keffi;NGA26-532;NGA26;119660.3092;160;747.8769327
Kokona;NGA26-533;NGA26;142713.6714;1820;78.41410517
Lafia;NGA26-534;NGA26;456294.5705;2822;161.6919102
Nasarawa;NGA26-535;NGA26;255457.2408;5881;43.43772161
Nassarawa Egon;NGA26-536;NGA26;175100.3103;1203;145.5530427
Obi;NGA26-537;NGA26;181419.4498;1005;180.5168654
Toto;NGA26-538;NGA26;140804.9628;2773;50.77712327
Wamba;NGA26-539;NGA26;92722.29192;1201;77.20423973
Agaie;NGA27-540;NGA27;167568.1877;1896;88.37984582
Agwara;NGA27-541;NGA27;111846.1901;1838;60.8521165
Bida;NGA27-542;NGA27;239896.1686;52;4613.387858
Borgu;NGA27-543;NGA27;223833.2568;10551;21.2144116
Bosso;NGA27-544;NGA27;279814.5492;1616;173.1525676
Chanchaga;NGA27-545;NGA27;189802.9131;75;2530.705508
Edati;NGA27-546;NGA27;46945.68137;795;59.05117153
Gbako;NGA27-547;NGA27;172373.117;1833;94.03879814
Gurara;NGA27-548;NGA27;157069.5194;1159;135.521587
Katcha;NGA27-549;NGA27;136156.8009;1759;77.40579927
Kontogur;NGA27-550;NGA27;213214.7608;2060;103.5023111
Lapai;NGA27-551;NGA27;161478.8834;3085;52.34323611
Lavun;NGA27-552;NGA27;423886.8886;4013;105.6284298
Magama;NGA27-553;NGA27;208247.3114;3836;54.28762028
Mariga;NGA27-554;NGA27;255058.0901;5888;43.31828976
Mashegu;NGA27-555;NGA27;281443.2681;9272;30.3541057
Mokwa;NGA27-556;NGA27;284808.3126;4048;70.35778474
Muya;NGA27-557;NGA27;122639.174;2304;53.22880814
Paikoro;NGA27-558;NGA27;209280.6506;2251;92.97230149
Rafi;NGA27-559;NGA27;222382.1142;3573;62.23960655
Rijau;NGA27-560;NGA27;217501.4901;3105;70.04878907
Shiroro;NGA27-561;NGA27;316543.3518;5370;58.94662045
Suleja;NGA27-562;NGA27;137136.7768;124;1105.941749
Tafa;NGA27-563;NGA27;172137.639;141;1220.834319
Wushishi;NGA27-564;NGA27;107563.1008;1918;56.0808659
Abeokuta South;NGA28-565;NGA28;331203.3902;71;4664.836482
AbeokutaNorth;NGA28-566;NGA28;198200.3953;810;244.6918461
AdoOdo/Ota;NGA28-567;NGA28;597858.8229;912;655.546955
EgbadoNorth;NGA28-568;NGA28;225154.6428;1989;113.199921
EgbadoSouth;NGA28-569;NGA28;209550.5027;666;314.6403945
Ewekoro;NGA28-570;NGA28;72930.86142;621;117.4410007
Ifo;NGA28-571;NGA28;618816.8171;492;1257.757758
Ijebu North-East;NGA28-572;NGA28;75847.15868;129;587.9624704
IjebuEast;NGA28-573;NGA28;168461.2834;2227;75.64494089
IjebuNorth;NGA28-574;NGA28;363472.7277;855;425.1143014
IjebuOde;NGA28-575;NGA28;212932.9227;180;1182.960682
Ikenne;NGA28-576;NGA28;154536.3062;143;1080.67347
Imeko-Afon;NGA28-577;NGA28;83323.79881;1601;52.04484623
Ipokia;NGA28-578;NGA28;141077.6847;479;294.5254379
Obafemi-Owode;NGA28-579;NGA28;364558.1087;1429;255.1141419
Odeda;NGA28-580;NGA28;121477.3977;1413;85.97126517
Odogbolu;NGA28-581;NGA28;166366.3407;549;303.035229
OgunWaterside;NGA28-582;NGA28;107853.6737;967;111.5343057
Remo-North;NGA28-583;NGA28;70288.26788;166;423.4233005
Shagamu;NGA28-584;NGA28;318758.4687;622;512.4734224
Akoko North-East;NGA29-585;NGA29;258482.9261;435;594.2136233
Akoko South-East;NGA29-586;NGA29;112060.1303;235;476.8516182
Akoko South-West;NGA29-587;NGA29;264451.9454;513;515.5008683
AkokoNorthWest;NGA29-588;NGA29;265960.1162;557;477.4867436
Akure North;NGA29-589;NGA29;254234.3161;688;369.5266222
Akure South;NGA29-590;NGA29;431089.5388;333;1294.56318
Ese-Odo;NGA29-591;NGA29;180734.4191;727;248.6030524
Idanre;NGA29-592;NGA29;168504.6933;1917;87.90020514
Ifedore;NGA29-593;NGA29;191225.8002;249;767.9751013
IlajeEseodo;NGA29-594;NGA29;348983.2179;1485;235.0055339
IleOluji/Okeigbo;NGA29-595;NGA29;97916.42973;325;301.2813222
Irele;NGA29-596;NGA29;158129.7191;822;192.371921
Odigbo;NGA29-597;NGA29;299900.9809;1904;157.5110194
Okitipupa;NGA29-598;NGA29;303256.7262;782;387.7963251
Ondo East;NGA29-599;NGA29;68752.19137;343;200.4437066
Ondo West;NGA29-600;NGA29;205215.6899;856;239.7379555
Ose;NGA29-601;NGA29;196114.9332;1559;125.7953388
Owo;NGA29-602;NGA29;276512.5212;999;276.7893105
Atakumosa East;NGA30-603;NGA30;397543.3487;582;683.064173
Atakumosa West;NGA30-604;NGA30;109056.843;585;186.4219539
Ayedaade;NGA30-605;NGA30;220710.3823;1061;208.0210955
Ayedire;NGA30-606;NGA30;52536.38159;285;184.338181
Boluwaduro;NGA30-607;NGA30;70876.56127;152;466.2931662
Boripe;NGA30-608;NGA30;90877.24585;140;649.1231846
Ede North;NGA30-609;NGA30;53829.56023;87;618.7305774
Ede South;NGA30-610;NGA30;63263.84165;233;271.5186337
Egbedore;NGA30-611;NGA30;224671.097;305;736.6265477
Ejigbo;NGA30-612;NGA30;178612.0596;398;448.774019
Ife East;NGA30-613;NGA30;58829.30904;103;571.1583402
Ife North;NGA30-614;NGA30;574850.528;989;581.2442144
Ife South;NGA30-615;NGA30;157279.9839;709;221.8335457
IfeCentral;NGA30-616;NGA30;54894.44238;71;773.1611602
Ifedayo;NGA30-617;NGA30;44623.24648;117;381.395269
Ifelodun;NGA30-618;NGA30;236832.2181;133;1780.693369
Ila;NGA30-619;NGA30;109290.1031;337;324.3029766
Ilesha East;NGA30-620;NGA30;100534.162;84;1196.835262
Ilesha West;NGA30-621;NGA30;158590.9412;66;2402.893048
Irepodun;NGA30-622;NGA30;97552.57293;66;1478.069287
Irewole;NGA30-623;NGA30;340354.1397;313;1087.393417
Isokan;NGA30-624;NGA30;10430.50965;198;52.67934169
Iwo;NGA30-625;NGA30;306792.3638;304;1009.185407
Obokun;NGA30-626;NGA30;186683.2531;528;353.5667672
Odo0tin;NGA30-627;NGA30;154078.7547;282;546.3785626
Ola-Oluwa;NGA30-628;NGA30;105194.0976;357;294.6613378
Olorunda;NGA30-629;NGA30;272166.3704;94;2895.386919
Oriade;NGA30-630;NGA30;241203.4109;605;398.6833238
Orolu;NGA30-631;NGA30;180691.5146;88;2053.312666
Osogbo;NGA30-632;NGA30;86614.8733;56;1546.694166
Afijio;NGA31-633;NGA31;171889.5363;735;233.8633147
Akinyele;NGA31-634;NGA31;254074.7725;486;522.7875977
Atiba;NGA31-635;NGA31;194778.2342;1693;115.0491637
Atisbo;NGA31-636;NGA31;120987.5335;2803;43.16358669
Egbeda;NGA31-637;NGA31;446110.9961;191;2335.659665
IbadanNorth-East;NGA31-638;NGA31;377714.3193;18;20984.12885
IbadanNorth-West;NGA31-639;NGA31;195053.5397;29;6725.984128
IbadanNorth;NGA31-640;NGA31;340503.2063;27;12611.22986
IbadanSouth-East;NGA31-641;NGA31;425271.6031;24;17719.65013
IbadanSouth-West;NGA31-642;NGA31;377464.77;41;9206.457804
Ibarapa Central;NGA31-643;NGA31;150733.6011;461;326.9709351
Ibarapa East;NGA31-644;NGA31;143006.5034;832;171.8828165
Ibarapa North;NGA31-645;NGA31;126529.2626;1261;100.3404144
Ido;NGA31-646;NGA31;131026.2439;1083;120.9845281
Irepo;NGA31-647;NGA31;162541.03;1072;151.6240951
Iseyin;NGA31-648;NGA31;335303.8411;1368;245.105147
Itesiwaju;NGA31-649;NGA31;150905.7535;1389;108.643451
Iwajowa;NGA31-650;NGA31;120905.3748;2362;51.1877116
Kajola;NGA31-651;NGA31;247790.4405;593;417.8590902
Lagelu;NGA31-652;NGA31;174085.7271;271;642.3827568
Ogbomosho North;NGA31-653;NGA31;277803.3552;200;1389.016776
Ogbomosho South;NGA31-654;NGA31;127825.9939;73;1751.041012
Ogo-Oluw;NGA31-655;NGA31;118396.2096;480;246.65877
Olorunsogo;NGA31-656;NGA31;102270.6678;1052;97.21546366
Oluyole;NGA31-657;NGA31;379296.3914;773;490.6809721
Ona-Ara;NGA31-658;NGA31;420976.3604;314;1340.689046
Orelope;NGA31-659;NGA31;133947.4393;933;143.5663873
Ori-Ire;NGA31-660;NGA31;175012.466;1936;90.39900104
Oyo East;NGA31-661;NGA31;163015.2672;133;1225.678701
Oyo West;NGA31-662;NGA31;199338.7617;533;373.9939245
Saki East;NGA31-663;NGA31;327421.8171;1681;194.7779995
Saki West;NGA31-664;NGA31;198290.5889;2202;90.05022204
Surulere;NGA31-665;NGA31;184796.8442;809;228.4262598
Barkin Ladi;NGA32-666;NGA32;204834.187;870;235.4415943
Bassa;NGA32-667;NGA32;205748.3037;1506;136.6190596
Bokkos;NGA32-668;NGA32;204611.5777;1556;131.4984432
Jos East;NGA32-669;NGA32;147913.3444;816;181.2663534
Jos North;NGA32-670;NGA32;723407.7298;410;1764.409097
Jos South;NGA32-671;NGA32;267052.6356;461;579.2898819
Kanam;NGA32-672;NGA32;256186.7935;3068;83.50286619
Kanke;NGA32-673;NGA32;213556.0059;1299;164.4003125
Langtang North;NGA32-674;NGA32;165074.8178;816;202.2975709
Langtang South;NGA32-675;NGA32;132142.7711;1380;95.75563123
Mangu;NGA32-676;NGA32;381521.9245;1792;212.9028597
Mikang;NGA32-677;NGA32;110423.5014;758;145.6774425
Pankshin;NGA32-678;NGA32;205502.679;1313;156.5138454
Qua'anpa;NGA32-679;NGA32;232337.4069;2415;96.20596559
Riyom;NGA32-680;NGA32;161236.4349;820;196.6297986
Shendam;NGA32-681;NGA32;264057.2653;2536;104.1235273
Wase;NGA32-682;NGA32;295546.5878;6301;46.90471161
Abua/Odu;NGA33-683;NGA33;339910.343;678;501.3426887
Ahoada East;NGA33-684;NGA33;203999.2873;356;573.0317059
Ahoada West;NGA33-685;NGA33;277425.7511;444;624.8327727
Akukutor;NGA33-686;NGA33;57652.98703;489;117.899769
Andoni/O;NGA33-687;NGA33;164300.9673;190;864.741933
Asari-To;NGA33-688;NGA33;163085.073;92;1772.663837
Bonny;NGA33-689;NGA33;300139.0538;518;579.4190228
Degema;NGA33-690;NGA33;311934.1829;825;378.1020398
Eleme;NGA33-691;NGA33;208443.6423;125;1667.549138
Emuoha;NGA33-692;NGA33;260519.5867;752;346.4356207
Etche;NGA33-693;NGA33;211556.1605;572;369.8534274
Gokana;NGA33-694;NGA33;235827.5836;91;2591.511908
Ikwerre;NGA33-695;NGA33;258812.7667;677;382.2935992
Khana;NGA33-696;NGA33;372862.1832;523;712.9296046
Obio/Akp;NGA33-697;NGA33;778251.4097;277;2809.571876
Ogba/Egbe;NGA33-698;NGA33;328768.9109;705;466.3388807
Ogu/Bolo;NGA33-699;NGA33;25236.48638;52;485.3170458
Okrika;NGA33-700;NGA33;214653.3986;197;1089.611161
Omumma;NGA33-701;NGA33;151463.0428;304;498.2336935
Opobo/Nkoro;NGA33-702;NGA33;189289.7695;144;1314.512288
Oyigbo;NGA33-703;NGA33;221250.3008;344;643.1694789
Port Harcourt;NGA33-704;NGA33;643279.6281;164;3922.436757
Tai;NGA33-705;NGA33;118830.519;102;1165.005088
Binji;NGA34-706;NGA34;126104.8567;543;232.2373051
Bodinga;NGA34-707;NGA34;188671.0123;570;331.0017759
Dange-Shuni;NGA34-708;NGA34;132749.0198;1231;107.8383589
Gada;NGA34-709;NGA34;206571.162;1231;167.8076052
Goronyo;NGA34-710;NGA34;222618.2828;1701;130.8749458
Gudu;NGA34-711;NGA34;156902.2545;4127;38.01847697
Gwadabaw;NGA34-712;NGA34;321330.5148;1040;308.9716489
Illela;NGA34-713;NGA34;296546.2546;1339;221.46845
Isa;NGA34-714;NGA34;183781.4212;2144;85.71894645
Kebbe;NGA34-715;NGA34;161442.269;2825;57.14770584
Kware;NGA34-716;NGA34;186668.7783;723;258.1864153
Rabah;NGA34-717;NGA34;237877.4595;2731;87.1026948
Sabon Birni;NGA34-718;NGA34;255624.7225;2311;110.612169
Shagari;NGA34-719;NGA34;122571.5169;1331;92.08979485
Silame;NGA34-720;NGA34;73184.29289;628;116.5354982
Sokoto North;NGA34-721;NGA34;224957.5103;41;5486.768544
Sokoto South;NGA34-722;NGA34;50739.69048;31;1636.764209
Tambawal;NGA34-723;NGA34;262969.3413;2265;116.1012544
Tangazar;NGA34-724;NGA34;164099.4381;2536;64.70798031
Tureta;NGA34-725;NGA34;48450.6888;1327;36.51144597
Wamakko;NGA34-726;NGA34;688334.4669;588;1170.636849
Wurno;NGA34-727;NGA34;150740.3134;661;228.0488856
Yabo;NGA34-728;NGA34;209289.8341;852;245.6453452
Ardo-Kola;NGA35-729;NGA35;255191.4689;2452;104.0748242
Bali;NGA35-730;NGA35;250140.1907;8653;28.90791526
Donga;NGA35-731;NGA35;163877.8657;3473;47.18625559
Gashaka;NGA35-732;NGA35;108372.5999;8582;12.62789559
Gassol;NGA35-733;NGA35;320592.6319;6058;52.92054009
Ibi;NGA35-734;NGA35;111587.8708;2885;38.67863806
Jalingo;NGA35-735;NGA35;84293.99872;194;434.5051481
Karim-La;NGA35-736;NGA35;297627.1873;7008;42.46963289
Kurmi;NGA35-737;NGA35;129165.1211;5018;25.74035892
Lau;NGA35-738;NGA35;125271.8029;1845;67.89799616
Sardauna;NGA35-739;NGA35;278702.8733;4988;55.87467388
Takum;NGA35-740;NGA35;103183.65;1571;65.68023549
Ussa;NGA35-741;NGA35;174393.952;2456;71.00730945
Wukari;NGA35-742;NGA35;303039.3388;3847;78.77289806
Yorro;NGA35-743;NGA35;160109.5317;1357;117.9878642
Zing;NGA35-744;NGA35;117741.2006;904;130.2446909
Bade;NGA36-745;NGA36;117466.6895;840;139.841297
Borsari;NGA36-746;NGA36;156819.6411;3996;39.24415442
Damaturu;NGA36-747;NGA36;133449.9355;2509;53.1884956
Fika;NGA36-748;NGA36;144367.1553;2165;66.68228884
Fune;NGA36-749;NGA36;363906.1767;5115;71.14490258
Geidam;NGA36-750;NGA36;199591.3666;4421;45.14620372
Gujba;NGA36-751;NGA36;165307.7865;3426;48.25095929
Gulani;NGA36-752;NGA36;134530.2239;2377;56.59664448
Jakusko;NGA36-753;NGA36;298709.7241;4011;74.47263128
Karasuwa;NGA36-754;NGA36;174649.4645;1194;146.2725833
Machina;NGA36-755;NGA36;88242.13941;1280;68.93917141
Nangere;NGA36-756;NGA36;228393.3238;1022;223.4768335
Nguru;NGA36-757;NGA36;228461.8058;974;234.5603755
Potiskum;NGA36-758;NGA36;163704.0731;567;288.7197057
Tarmuwa;NGA36-759;NGA36;94182.15248;4619;20.39016074
Yunusari;NGA36-760;NGA36;160344.3289;3993;40.15635586
Yusufari;NGA36-761;NGA36;181675.9465;4418;41.12176245
Anka;NGA37-762;NGA37;160150.3197;2473;64.75953082
Bakura;NGA37-763;NGA37;368029.0545;2429;151.5146375
Birnin-Magaji/Kiyaw;NGA37-764;NGA37;199766.2897;1142;174.9266985
Bukkuyum;NGA37-765;NGA37;249259.5083;3205;77.77207747
Bungudu;NGA37-766;NGA37;230655.6778;1772;130.1668611
Gummi;NGA37-767;NGA37;323680.6431;3344;96.7944507
Gusau;NGA37-768;NGA37;637770.9044;3137;203.3059944
Kaura-Na;NGA37-769;NGA37;331733.9294;696;476.6292088
Maradun;NGA37-770;NGA37;232690.3162;2396;97.1161587
Maru;NGA37-771;NGA37;469266.091;7973;58.85690343
Shinkafi;NGA37-772;NGA37;229883.8349;947;242.7495616
Talata-Mafara;NGA37-773;NGA37;137097.5768;1042;131.5715709
Tsafe;NGA37-774;NGA37;345639.3723;2110;163.8101291
Zurmi;NGA37-775;NGA37;305107.8069;2860;106.6810514
805;KEN1-1;KEN1;19948.53715;175;113.9916408
Baringo Central;KEN1-2;KEN1;102596.7895;666;154.0492334
Baringo North;KEN1-3;KEN1;123471.8364;1644;75.10452333
Baringo South;KEN1-4;KEN1;84712.88976;1898;44.63271326
Eldama Ravine;KEN1-5;KEN1;121871.949;912;133.631523
Mogotio;KEN1-6;KEN1;54219.13265;1165;46.54002802
Tiaty;KEN1-7;KEN1;95649.45511;4457;21.46050148
Bomet Central;KEN2-8;KEN2;138847.9495;245;566.7263246
Bomet East;KEN2-9;KEN2;156193.3158;320;488.1041118
Chepalungu;KEN2-10;KEN2;192538.2461;548;351.3471645
Konoin;KEN2-11;KEN2;197017.692;794;248.1331134
Sotik;KEN2-12;KEN2;202279.5372;488;414.5072483
Bumula;KEN3-13;KEN3;198263.093;348;569.7215317
Kabuchai;KEN3-14;KEN3;160423.5936;235;682.6535898
Kanduyi;KEN3-15;KEN3;256623.2079;321;799.4492457
Kimilili;KEN3-16;KEN3;146935.0611;179;820.8662633
Likuyani;KEN3-17;KEN3;141696.6926;304;466.1075414
Lugari;KEN3-18;KEN3;126339.7544;268;471.416994
Mt. Elgon;KEN3-19;KEN3;195107.935;953;204.7302571
Sirisia;KEN3-20;KEN3;123271.0071;209;589.8134313
Tongaren;KEN3-21;KEN3;203980.5956;378;539.6312054
Webute West;KEN3-22;KEN3;130711.9629;236;553.8642494
Webuye East;KEN3-23;KEN3;133671.3731;167;800.4273837
Budalangi;KEN4-24;KEN4;83334.56441;312;267.0979628
Butula;KEN4-25;KEN4;145160.2465;245;592.4908019
Funyula;KEN4-26;KEN4;112508.137;271;415.159177
Matayos;KEN4-27;KEN4;133776.8591;196;682.5349953
Nambale;KEN4-28;KEN4;104118.6564;235;443.0581122
Teso North;KEN4-29;KEN4;132485.7912;251;527.8318376
Teso South;KEN4-30;KEN4;148024.5847;301;491.776029
Keiyo North;KEN5-31;KEN5;86709.56824;546;158.808733
Keiyo South;KEN5-32;KEN5;133993.2466;892;150.2166441
Marakwet East;KEN5-33;KEN5;95162.64076;821;115.9106465
Marakwet West;KEN5-34;KEN5;97010.7871;564;172.0049417
Manyatta;KEN6-35;KEN6;258379.3258;404;639.5527866
Mbeere North;KEN6-36;KEN6;108699.6435;776;140.0768602
Mbeere South;KEN6-37;KEN6;155403.4948;1332;116.6692904
Runyenjes;KEN6-38;KEN6;175159.8457;341;513.6652365
Balambala;KEN7-39;KEN7;36998.06054;4258;8.689070113
Daadab;KEN7-40;KEN7;187722.2123;7574;24.78508216
Fafi;KEN7-41;KEN7;120566.5312;16752;7.197142505
Garissa Township;KEN7-42;KEN7;117796.1559;604;195.0267481
Ijara;KEN7-43;KEN7;68913.09603;8465;8.140944599
Lagdera;KEN7-44;KEN7;60164.67137;6498;9.258952196
?6;KEN8-45;KEN8;29253.19709;125;234.0255767
Homa Bay Town;KEN8-46;KEN8;124162.3448;271;458.163634
Kabondo Kasipul;KEN8-47;KEN8;134411.9452;249;539.8070088
Karachuonyo;KEN8-48;KEN8;163896.0943;628;260.9810419
Kasipul;KEN8-49;KEN8;135856.0064;260;522.5231016
Mbita;KEN8-50;KEN8;135290.6655;1035;130.7156189
Ndhiwa;KEN8-51;KEN8;202324.1986;701;288.622252
Rangwe;KEN8-52;KEN8;121033.4426;293;413.083422
Suba;KEN8-53;KEN8;120730.4828;1150;104.9830285
Isiolo North;KEN9-54;KEN9;118193.9162;15469;7.640695341
Isiolo South;KEN9-55;KEN9;39634.78803;10146;3.90644471
Kajiado Central;KEN10-56;KEN10;112306.9242;4347;25.8355013
Kajiado East;KEN10-57;KEN10;87459.92043;3293;26.55934419
Kajiado North;KEN10-58;KEN10;167382.3874;113;1481.260065
Kajiado South;KEN10-59;KEN10;151807.1546;6407;23.69395264
Kajiado West;KEN10-60;KEN10;138458.1753;7998;17.31159981
Butere;KEN11-61;KEN11;172145.5728;211;815.8557955
Ikolomani;KEN11-62;KEN11;142617.6221;145;983.5698078
Khwisero;KEN11-63;KEN11;135285.0509;145;933.0003511
Lugari;KEN11-64;KEN11;70670.31317;102;692.8462076
Lurambi;KEN11-65;KEN11;189959.3555;163;1165.394819
Malava;KEN11-66;KEN11;232584.5861;426;545.9732068
Matungu;KEN11-67;KEN11;181261.4796;279;649.6827226
Mumias East;KEN11-68;KEN11;135970.4544;176;772.5594001
Mumias West;KEN11-69;KEN11;117703.7495;139;846.7895651
Navakholo;KEN11-70;KEN11;157833.9664;259;609.3975536
Shinyalu;KEN11-71;KEN11;214738.7506;413;519.9485486
Ainamoi;KEN12-72;KEN12;180059.3129;247;728.9850724
Belgut;KEN12-73;KEN12;171235.6784;448;382.2224963
Bureti;KEN12-74;KEN12;192601.3852;318;605.6647333
Kipkelion East;KEN12-75;KEN12;154688.0857;757;204.3435742
Kipkelion West;KEN12-76;KEN12;115195.2166;355;324.4935678
Sigowet/Soin;KEN12-77;KEN12;116551.1093;468;249.0408319
Gatundu North;KEN13-78;KEN13;159916.9099;245;652.7220812
Gatundu South;KEN13-79;KEN13;165903.1978;215;771.6427803
Githunguri;KEN13-80;KEN13;212332.6335;185;1147.743965
Juja;KEN13-81;KEN13;96630.4982;337;286.7373834
Kabete;KEN13-82;KEN13;130686.3091;59;2215.022189
Kiambaa;KEN13-83;KEN13;144723.4397;80;1809.042996
Kiambu;KEN13-84;KEN13;139445.9565;107;1303.233239
Kikuyu;KEN13-85;KEN13;149123.7797;173;861.9871658
Lari;KEN13-86;KEN13;176029.5857;469;375.3296071
Limuru;KEN13-87;KEN13;173201.889;285;607.7259263
Ruiru;KEN13-88;KEN13;155667.1213;205;759.3518114
Thika Town;KEN13-89;KEN13;181283.5012;233;778.0407776
Ganze;KEN14-90;KEN14;169670.2632;2962;57.28233057
Kaloleni;KEN14-91;KEN14;185907.7419;707;262.9529588
Kilifi North;KEN14-92;KEN14;255340.0071;836;305.4306305
Kilifi South;KEN14-93;KEN14;205214.5604;438;468.5263936
Magarini;KEN14-94;KEN14;180453.4501;6995;25.79749109
Malindi;KEN14-95;KEN14;200282.6478;616;325.1341684
Rabai;KEN14-96;KEN14;114172.8696;202;565.2122257
Gichugu;KEN15-97;KEN15;189914.4625;472;402.3611493
Kirinyaga Central;KEN15-98;KEN15;158992.8593;239;665.2420891
Mwea;KEN15-99;KEN15;218802.3182;552;396.3810112
Ndia;KEN15-100;KEN15;146510.4269;231;634.2442724
Bobasi;KEN16-101;KEN16;259717.7926;242;1073.214019
Bomachoge Borabu;KEN16-102;KEN16;142717.9682;115;1241.02581
Bomachoge Chache;KEN16-103;KEN16;118417.569;103;1149.685136
Bonchari;KEN16-104;KEN16;134499.3944;128;1050.776518
Kitutu Chache North;KEN16-105;KEN16;146056.858;131;1114.937847
Kitutu Chache South;KEN16-106;KEN16;129305.8427;98;1319.447374
Nyaribari Chache;KEN16-107;KEN16;185484.6415;137;1353.902493
Nyaribari Masaba;KEN16-108;KEN16;164815.4496;160;1030.09656
South Mugirango;KEN16-109;KEN16;199666.2562;209;955.3409386
Kisumu Central;KEN17-110;KEN17;288784.623;72;4010.897542
Kisumu East;KEN17-111;KEN17;156800.7226;163;961.9676231
Kisumu West;KEN17-112;KEN17;183253.4867;314;583.6098301
Muhoroni;KEN17-113;KEN17;197983.2089;669;295.9390267
Nyakach;KEN17-114;KEN17;173907.6683;405;429.40165
Nyando;KEN17-115;KEN17;179833.8032;607;296.2665621
Seme;KEN17-116;KEN17;141258.6471;452;312.5191306
Kitui Central;KEN18-117;KEN18;140376.7793;525;267.3843416
Kitui East;KEN18-118;KEN18;136543.4492;4760;28.68559857
Kitui Rural;KEN18-119;KEN18;183420.1962;1733;105.8396978
Kitui South;KEN18-120;KEN18;185861.6135;12815;14.50344233
Kitui West;KEN18-121;KEN18;147211.945;650;226.4799154
Mwingi Central;KEN18-122;KEN18;195440.8781;4718;41.42451846
Mwingi North;KEN18-123;KEN18;164685.3215;4729;34.82455518
Mwingi West;KEN18-124;KEN18;114869.2413;746;153.9802162
Kinango;KEN19-125;KEN19;276036.2473;4990;55.31788523
Lungalunga;KEN19-126;KEN19;179089.6139;2045;87.57438333
Matuga;KEN19-127;KEN19;175904.7747;958;183.616675
Msambweni;KEN19-128;KEN19;164936.3079;465;354.7017375
Laikipia East;KEN20-129;KEN20;124263.0241;1407;88.31771433
Laikipia North;KEN20-130;KEN20;108336.0451;5333;20.31427811
Laikipia West;KEN20-131;KEN20;267478.1577;2849;93.88492722
Lamu East;KEN21-132;KEN21;38947.37327;2538;15.34569475
Lamu West;KEN21-133;KEN21;90559.30598;4048;22.37137005
Lamu West;KEN21-133;KEN21;37285.15506;184;202.6367123
?7;KEN22-134;KEN22;2252.665319;239;9.425377904
Kangundo;KEN22-135;KEN22;136325.1694;172;792.588194
Kathiani;KEN22-136;KEN22;145339.9384;207;702.1253062
Machakos Town;KEN22-137;KEN22;282117.9917;523;539.4225463
Masinga;KEN22-138;KEN22;163549.7643;1407;116.2400599
Matungulu;KEN22-139;KEN22;157009.816;585;268.3928479
Mavoko;KEN22-140;KEN22;77070.50707;849;90.77798242
Mwala;KEN22-141;KEN22;240862.1651;1026;234.7584456
Yatta;KEN22-142;KEN22;196905.0985;1068;184.3680697
Kaiti;KEN23-143;KEN23;172303.4645;407;423.3500356
Kibwezi East;KEN23-144;KEN23;172312.931;2330;73.95404762
Kibwezi West;KEN23-145;KEN23;195803.4791;2145;91.28367326
Kilome;KEN23-146;KEN23;149675.073;829;180.5489421
Makueni;KEN23-147;KEN23;247781.9158;1537;161.2113961
Mbooni;KEN23-148;KEN23;271224.4002;987;274.796758
?1;KEN24-149;KEN24;6061.312206;1386;4.37324113
Banissa;KEN24-150;KEN24;77224.70003;2996;25.77593459
Lafey;KEN24-151;KEN24;28544.16696;3217;8.872914816
Mandera East;KEN24-152;KEN24;102049.5052;2924;34.90065158
Mandera North;KEN24-153;KEN24;85575.89068;6094;14.04264698
Mandera South;KEN24-154;KEN24;53729.01967;4141;12.97489004
Mandera West;KEN24-155;KEN24;42890.61727;5234;8.19461545
Laisamis;KEN25-156;KEN25;62109.9861;24245;2.561764739
Moyale;KEN25-157;KEN25;86374.22216;9359;9.229001192
North Horr;KEN25-158;KEN25;65209.49163;40728;1.601097319
Saku;KEN25-159;KEN25;57570.69818;2060;27.94694087
?5;KEN26-160;KEN26;17134.72708;62;276.3665658
Buuri;KEN26-161;KEN26;179554.3236;1591;112.8562688
Central Imenti;KEN26-162;KEN26;167923.7269;508;330.5585175
Igembe Central;KEN26-163;KEN26;220555.3855;818;269.6276107
Igembe North;KEN26-164;KEN26;186657.6082;1083;172.3523621
Igembe South;KEN26-165;KEN26;148006.6116;834;177.4659612
North Imenti;KEN26-166;KEN26;186058.0285;245;759.4205245
South Imenti;KEN26-167;KEN26;246107.8283;661;372.3265179
Tigania East;KEN26-168;KEN26;209658.1935;840;249.5930875
Tigania West;KEN26-169;KEN26;168656.5884;391;431.3467734
Awendo;KEN27-170;KEN27;139901.5199;257;544.3638907
Kuria East;KEN27-171;KEN27;114896.6531;267;430.3245433
Kuria West;KEN27-172;KEN27;138446.5957;353;392.1999878
Nyatike;KEN27-173;KEN27;222782.6016;1232;180.8300337
Rongo;KEN27-174;KEN27;127379.1061;222;573.7797573
Suna East;KEN27-175;KEN27;118865.4831;208;571.4686686
Suna West;KEN27-176;KEN27;112299.0758;296;379.3887696
Uriri;KEN27-177;KEN27;139843.5653;387;361.3528819
Changamwe;KEN28-178;KEN28;220801.53;21;10514.35857
Jomvu;KEN28-179;KEN28;137744.3791;43;3203.357654
Kisauni;KEN28-180;KEN28;191734.9538;108;1775.323646
Likoni;KEN28-181;KEN28;159635.5997;56;2850.635708
Mvita;KEN28-182;KEN28;261294.7015;16;16330.91885
Nyali;KEN28-183;KEN28;278449.7053;25;11137.98821
Gatanga;KEN29-184;KEN29;239288.4107;606;394.8653643
Kandara;KEN29-185;KEN29;242812.7277;240;1011.719699
Kangema;KEN29-186;KEN29;126498.1051;294;430.2656637
Kigumo;KEN29-187;KEN29;186213.5247;290;642.1156024
Kiharu;KEN29-188;KEN29;273360.3232;411;665.1102753
Maragwa;KEN29-189;KEN29;196810.7977;466;422.3407675
Mathioya;KEN29-190;KEN29;141046.169;237;595.1315149
Dagoretti North;KEN30-191;KEN30;264898.7954;27;9811.066497
Dagoretti South;KEN30-192;KEN30;271561.7421;29;9364.198002
Embakasi Central;KEN30-193;KEN30;191808.0511;8;23976.00639
Embakasi East;KEN30-194;KEN30;161583.5951;86;1878.879013
Embakasi North;KEN30-195;KEN30;295759.8286;5;59151.96572
Embakasi South;KEN30-196;KEN30;106106.0314;18;5894.779523
Embakasi West;KEN30-197;KEN30;195172.0227;10;19517.20227
Kamukunji;KEN30-198;KEN30;319548.2617;9;35505.36241
Kasarani;KEN30-199;KEN30;119843.1027;137;874.7671733
Kibra;KEN30-200;KEN30;415154.2618;13;31934.94322
Langata;KEN30-201;KEN30;223023.8499;210;1062.018333
Makadara;KEN30-202;KEN30;283070.5986;12;23589.21655
Mathare;KEN30-203;KEN30;248806.25;3;82935.41667
Roysambu;KEN30-204;KEN30;223657.3795;48;4659.52874
Ruaraka;KEN30-205;KEN30;305985.4033;7;43712.20047
Starehe;KEN30-206;KEN30;275613.2178;17;16212.54222
Westlands;KEN30-207;KEN30;269775.7898;76;3549.681445
Bahati;KEN31-208;KEN31;156146.549;373;418.6234557
Gilgil;KEN31-209;KEN31;153532.1148;1269;120.9866941
Kuresoi North;KEN31-210;KEN31;163013.8892;616;264.632937
Kuresoi South;KEN31-211;KEN31;107351.8962;523;205.2617519
Molo;KEN31-212;KEN31;159762.2195;505;316.3608307
Naivasha;KEN31-213;KEN31;240776.2425;1733;138.9360891
Nakuru Town East;KEN31-214;KEN31;235354.1039;170;1384.435905
Nakuru Town West;KEN31-215;KEN31;206078.2695;130;1585.217458
Njoro;KEN31-216;KEN31;210961.5128;764;276.1276346
Rongai;KEN31-217;KEN31;173459.8661;1032;168.0812656
Subukia;KEN31-218;KEN31;127032.6551;411;309.0818858
Aldai;KEN32-219;KEN32;190795.3583;471;405.0856863
Chesumei;KEN32-220;KEN32;141702.2735;479;295.829381
Emgwen;KEN32-221;KEN32;161154.4603;375;429.7452276
Mosop;KEN32-222;KEN32;151047.2345;588;256.8830519
Nandi Hills;KEN32-223;KEN32;142043.335;392;362.3554465
Tinderet;KEN32-224;KEN32;118268.5359;545;217.0064879
Emurua Dikirr;KEN33-225;KEN33;96645.83582;319;302.9650026
Kilgoris;KEN33-226;KEN33;178382.8001;2571;69.38265272
Narok East;KEN33-227;KEN33;69024.42318;1601;43.11331866
Narok North;KEN33-228;KEN33;165864.6052;2742;60.49037388
Narok South;KEN33-229;KEN33;189834.7558;5419;35.03132603
Narok West;KEN33-230;KEN33;148993.1783;5489;27.14395669
Borabu;KEN34-231;KEN34;147813.7119;295;501.0634301
Kitutu Masaba;KEN34-232;KEN34;273669.0628;255;1073.212011
North Mugirango;KEN34-233;KEN34;152238.6082;172;885.1081875
West Mugirango;KEN34-234;KEN34;207551.6579;181;1146.694243
Kinangop;KEN35-235;KEN35;230560.5178;839;274.8039544
Kipipiri;KEN35-236;KEN35;123625.1746;651;189.9004218
Ndaragwa;KEN35-237;KEN35;123597.3854;785;157.4488986
Ol Jorok;KEN35-238;KEN35;125818.1594;472;266.5638971
Ol Kalou;KEN35-239;KEN35;136349.7527;541;252.0328147
Kieni;KEN36-240;KEN36;234043.7719;1826;128.172931
Mathira;KEN36-241;KEN36;231620.3505;461;502.4302615
Mukurweini;KEN36-242;KEN36;134700.4072;180;748.3355955
Nyeri Town;KEN36-243;KEN36;156646.3605;170;921.4491791
Othaya;KEN36-244;KEN36;139185.4461;359;387.7031924
Tetu;KEN36-245;KEN36;121117.4315;361;335.5053503
Samburu East;KEN37-246;KEN37;51741.04928;10111;5.117302866
Samburu North;KEN37-247;KEN37;71966.70695;8510;8.456722321
Samburu West;KEN37-248;KEN37;94552.88093;2487;38.01885039
Alego Usonga;KEN38-249;KEN38;264288.063;611;432.5500213
Bondo;KEN38-250;KEN38;221746.8253;1297;170.9690249
Gem;KEN38-251;KEN38;217633.8058;406;536.0438568
Rarieda;KEN38-252;KEN38;190446.2128;684;278.4301356
Ugenya;KEN38-253;KEN38;145903.1988;310;470.6554799
Ugunja;KEN38-254;KEN38;127627.6441;213;599.1908175
Mwatate;KEN39-255;KEN39;99287.5026;2844;34.91121751
Taveta;KEN39-256;KEN39;84918.12972;4072;20.85415759
Voi;KEN39-257;KEN39;113008.7836;9540;11.84578444
Wundanyi;KEN39-258;KEN39;86419.16004;858;100.7216318
Bura;KEN40-259;KEN40;117983.2477;13698;8.613173291
Galole;KEN40-260;KEN40;78776.43714;9761;8.070529366
Garsen;KEN40-261;KEN40;103927.7476;16041;6.47888209
Chuka/Igambang'Ombe;KEN41-262;KEN41;162905.7334;586;277.9961321
Igembe South;KEN41-263;KEN41;28543.39431;267;106.9040986
Maara;KEN41-264;KEN41;156011.3408;513;304.1156741
Tharaka;KEN41-265;KEN41;107896.1394;1220;88.43945855
?4;KEN42-266;KEN42;50430.91269;154;327.473459
Cherangany;KEN42-267;KEN42;223179.063;631;353.6910665
Endebess;KEN42-268;KEN42;92794.43895;658;141.0249832
Kiminini;KEN42-269;KEN42;206008.0727;371;555.2778239
Kwanza;KEN42-270;KEN42;115569.1838;311;371.6050925
Saboti;KEN42-271;KEN42;200503.9271;357;561.6356502
?2;KEN43-272;KEN43;14697.40376;3220;4.564411105
Loima;KEN43-273;KEN43;143581.8963;9848;14.57980263
Turkana Central;KEN43-274;KEN43;117184.1476;6661;17.59257582
Turkana East;KEN43-275;KEN43;22282.62249;8078;2.758433089
Turkana North;KEN43-276;KEN43;100542.2787;14747;6.817812346
Turkana South;KEN43-277;KEN43;70787.04104;7467;9.479984068
Turkana West;KEN43-278;KEN43;223483.0345;14239;15.69513551
Ainabkoi;KEN44-279;KEN44;119869.4181;506;236.8960832
Kapseret;KEN44-280;KEN44;145822.1236;360;405.0614544
Kesses;KEN44-281;KEN44;172921.475;707;244.5848302
Moiben;KEN44-282;KEN44;148392.5147;781;190.0032198
Soy;KEN44-283;KEN44;200149.809;662;302.3411012
Turbo;KEN44-284;KEN44;221024.4668;436;506.9368505
Emuhaya;KEN45-285;KEN45;118021.9167;90;1311.354631
Hamisi;KEN45-286;KEN45;208768.1263;186;1122.409281
Luanda;KEN45-287;KEN45;130529.1398;84;1553.918331
Sabatia;KEN45-288;KEN45;179092.7011;112;1599.041974
Vihiga;KEN45-289;KEN45;132014.2729;90;1466.825254
Eldas;KEN46-290;KEN46;38677.36954;4780;8.091499903
Tarbaj;KEN46-291;KEN46;73861.44728;7604;9.713499116
Wajir East;KEN46-292;KEN46;93178.31178;4288;21.73001674
Wajir North;KEN46-293;KEN46;97983.58968;10474;9.354935047
Wajir South;KEN46-294;KEN46;121991.9135;21723;5.61579494
Wajir West;KEN46-295;KEN46;63805.53398;8182;7.798280858
?3;KEN47-296;KEN47;8026.581752;305;26.31666148
?8;KEN47-297;KEN47;0.067071479;0;#DIV/0!
Kacheliba;KEN47-298;KEN47;95535.90643;4143;23.05959605
Kapenguria;KEN47-299;KEN47;146739.8488;1479;99.21558403
Pokot South;KEN47-300;KEN47;157757.6442;1485;106.2341038
Sigor;KEN47-301;KEN47;88601.141;2167;40.88654407
Addis Abeba;ETH1-1;ETH1;617694.2073;197;3135.503591
Addis Abeba;ETH1-1;ETH1;3430319.737;353;9717.619652
Afar Zone 1;ETH2-2;ETH2;562131.6885;35148;15.99327667
Afar Zone 2;ETH2-3;ETH2;349624.3297;28626;12.21352371
Afar Zone 3;ETH2-4;ETH2;284866.9085;16938;16.81821399
Afar Zone 4;ETH2-5;ETH2;211469.1669;11062;19.11672093
Afar Zone 5;ETH2-6;ETH2;495675.5646;5529;89.65012925
Agew Awi;ETH3-7;ETH3;1412988.899;9181;153.9035943
Argoba;ETH3-8;ETH3;102961.1946;317;324.7987212
Bahir Dar Special Zone;ETH3-9;ETH3;183095.9033;9;20343.98926
Debub Gondar;ETH3-10;ETH3;3167215.122;14542;217.7977666
Debub Wollo;ETH3-11;ETH3;3881761.266;17655;219.8675313
Mirab Gojjam;ETH3-12;ETH3;3221825.471;16843;191.2857253
Misraq Gojjam;ETH3-13;ETH3;3183299.189;14589;218.1985872
North Shewa;ETH3-14;ETH3;2879217.864;16528;174.2024361
Oromia;ETH3-15;ETH3;782045.4338;3873;201.9223945
Semen Gondar;ETH3-16;ETH3;3790418.792;44248;85.66305351
Semen Wello;ETH3-17;ETH3;2259910.073;12566;179.8432336
Wag Himra;ETH3-18;ETH3;547560.2023;9221;59.38186773
Asosa;ETH4-19;ETH4;484453.8041;14715;32.92244676
Kemashi;ETH4-20;ETH4;174351.7945;10300;16.92735869
Metekel;ETH4-21;ETH4;362924.5238;26360;13.76800166
Dire Dawa;ETH5-22;ETH5;515820.7157;1075;479.8332239
Agnuak;ETH6-23;ETH6;259539.6181;23874;10.87122468
Majang;ETH6-24;ETH6;81732.84126;2367;34.53013995
Nuer;ETH6-25;ETH6;86292.56395;4868;17.72649218
Hareri;ETH7-26;ETH7;257159.1088;378;680.3151027
Arsi;ETH8-27;ETH8;3572037.556;21316;167.5754154
Bale;ETH8-28;ETH8;1567125.64;55395;28.29001967
Borena;ETH8-29;ETH8;1307699.677;52967;24.68895117
Debub Mirab Shewa;ETH8-30;ETH8;1530213.362;6685;228.9025223
Guji;ETH8-31;ETH8;1324021.796;18871;70.16171884
Horo Guduru;ETH8-32;ETH8;769867.7709;8256;93.24948775
Ilubabor;ETH8-33;ETH8;1566980.647;15802;99.163438
Jimma;ETH8-34;ETH8;3622549.434;18633;194.415791
Kelem Wellega;ETH8-35;ETH8;911708.1533;9600;94.9695993
Mirab Arsi;ETH8-36;ETH8;2336829.01;12741;183.4101727
Mirab Hararghe;ETH8-37;ETH8;2421680.245;17774;136.2484666
Mirab Shewa;ETH8-38;ETH8;2810312.31;15574;180.4489733
Mirab Welega;ETH8-39;ETH8;1795053.193;13100;137.0269613
Misraq Harerge;ETH8-40;ETH8;3682778.027;25462;144.638207
Misraq Shewa;ETH8-41;ETH8;2098091.533;10197;205.7557647
Misraq Wellega;ETH8-42;ETH8;1521027.904;14237;106.8362649
North Shewa;ETH8-43;ETH8;2158897.708;11482;188.0245348
Afder;ETH9-44;ETH9;595468.4323;62740;9.491049287
Doolo;ETH9-45;ETH9;549305.0229;53234;10.31868773
Fafan;ETH9-46;ETH9;1025859.783;12315;83.30164705
Jarar;ETH9-47;ETH9;514147.6777;40214;12.78529064
Korahe;ETH9-48;ETH9;431232.6484;32650;13.20773808
Liben;ETH9-49;ETH9;836182.8842;36562;22.87027198
Nogob;ETH9-50;ETH9;427711.0325;14414;29.67330599
Shabelle;ETH9-51;ETH9;545129.0851;33586;16.23084276
Siti;ETH9-52;ETH9;518460.0489;31063;16.6905981
Alaba;ETH10-53;ETH10;328029.7628;876;374.4631996
Alle;ETH10-54;ETH10;114549.0159;1060;108.0651094
Amaro;ETH10-55;ETH10;181458.4971;1580;114.8471501
Basketo;ETH10-56;ETH10;62010.97354;425;145.908173
Bench Maji;ETH10-57;ETH10;590780.0145;19330;30.56285642
Burji;ETH10-58;ETH10;74147.49183;1370;54.12225681
Dawro;ETH10-59;ETH10;511769.4841;4442;115.2115003
Debub Omo;ETH10-60;ETH10;600719.2497;23289;25.79411953
Derashe;ETH10-61;ETH10;93042.85693;723;128.6899819
Gamo Gofa;ETH10-62;ETH10;2030695.953;12266;165.5548632
Gedeo;ETH10-63;ETH10;1014133.217;1355;748.4377985
Gurage;ETH10-64;ETH10;2147875.466;6057;354.6104451
Hadiya;ETH10-65;ETH10;1794143.763;3708;483.8575412
Keffa;ETH10-66;ETH10;1100726.811;10675;103.1125818
Kembata Tembaro;ETH10-67;ETH10;969930.418;1422;682.0889015
Konso;ETH10-68;ETH10;259131.9756;2159;120.0240739
Konta;ETH10-69;ETH10;113927.7491;2386;47.74842795
Sheka;ETH10-70;ETH10;228071.0154;2381;95.78791072
Sidama;ETH10-71;ETH10;3921733.039;6972;562.4975673
Silti;ETH10-72;ETH10;1033457.051;2623;393.9981134
Wolayita;ETH10-73;ETH10;2148511.341;4520;475.3343675
Yem;ETH10-74;ETH10;122533.3018;763;160.5941046
Debubawi;ETH11-75;ETH11;1669367.013;10475;159.3667793
Mehakelegnaw;ETH11-76;ETH11;1722724.856;10782;159.7778572
Mi'irabawi;ETH11-77;ETH11;379276.7191;13678;27.72896031
Misraqawi;ETH11-78;ETH11;1086118.227;6469;167.8958459
Semien Mi'irabaw;ETH11-79;ETH11;993048.2631;13029;76.21830249
