pcode;poverty_incidence;flood_phys_exp;cyclone_phys_exp;earthquake7_phys_exp;tsunami_phys_exp;drought_phys_exp;good_governance_index;income_class;perc_wall_partly_concrete;perc_roof_concrete_alu_iron;pantawid_perc;nr_health_facilities;health_density;population;land_area;pop_density;traveltime;hdi;pcode_level2;risk_score;hazard_score;vulnerability_score;coping_capacity_score;pov_score;inc_score;hdi_score;wall_score;roof_score;pantawid_score;flood_score;cyclone_score;earthquake_score;tsunami_score;drought_score;travel_score;hospitals_score;governance_score;name
PH025000000;0.154;0.003;0.461;0.06;0;0.246;202.2;2.2;0.594;0.909;0.033;246;5.28425535113766;452287;4111.2;110.6;219.3;0.644;PH025000000;4.70738483402999;6.00332329599932;2.4052710411267;5.02733803724442;1.7881823295866897;2.45253566872362;3.168;3.833219144282695;1.0450992318477828;1.1612956119691793;3.3553653202959803;8.330413793682643;7.322260008033467;0;6.929545305642614;7.333617954054188;2.524641730343394;3.9109985348310428;Nueva Vizcaya
PH074600000;0.337;0;0.004;0;0;0.229;81.6;null;0.374;0.627;0.052;483;3.56458879922066;1354995;5102.9;265.9;156.6;0.522;PH074600000;4.10277634102614;2.37482279334204;4.4815182895027;5.13033825198616;3.9566218098448847;null;5.12;6.118838844055542;4.327450898798148;1.8154071198953023;0;1.7649816597033756;0;0;6.975433296878621;6.672379532463003;3.227663712858614;2.860454439852076;Negros Oriental
PH101300000;0.452;0.001;0.005;0.001;0;0.204;129;1.5;0.372;0.895;0.062;461;3.25743026202175;1415226;9251.5;153.1;235;0.44;PH101300000;4.42532680709746;3.35771168977616;4.13581782482374;5.52783554585588;5.3082291404278354;0.9749354520055454;6.432;6.142487419117441;1.2104739061845244;2.182869344333856;2.2350297895007203;3.993133805398986;0.8085492465318613;0;6.906572153997479;7.49788048795926;3.4246943798184946;3.112728116438915;Bukidnon
PH160300000;0.417;0.014;0.008;0.016;0;0.171;166.2;1.8;0.207;0.536;0.083;146;2.0837704255887;700653;8734.2;80.2;253.5;0.468;PH160300000;5.2903424107452;4.63187570438387;5.29279317177372;5.80364018564613;4.894485724758012;1.6984984007775603;5.984;7.85958915373904;5.392997475644402;2.93893027918443;4.447121986698124;4.38900649599537;4.4569580111462725;0;6.770806796533096;7.5080961494822915;4.574883602024135;3.3793803125952677;Agusan del Sur
PH112400000;0.21;0.003;0.012;0;0.003;0.221;41.2;1.1;0.474;0.797;0.025;488;1.89006557520544;2581921;6130.5;405.8;110.4;0.626;PH112400000;4.21042181100619;4.40915838347199;2.80397760707403;4.9729695082331;2.451981901123302;0.5023747821873713;3.456;5.083570312130752;0.9314190734951773;0.8681626292762877;3.620587344273934;5.412121636639619;0;3.893252665232809;6.926130971274391;5.219320292446366;3.9043601422075027;1.4793649664851052;Davao del Sur
PH043400000;0.064;0.003;0.235;0.011;0;0.258;190.6;1.3;0.859;0.982;0.015;421;1.41956702868436;2965693;1871.9;1588.1;22.7;0.721;PH043400000;3.70982723765545;5.39152656253511;1.02647051947293;3.99450713460812;0.722488743997065;1.1210526511004342;1.936;1.082502533846284;0.20070617515684908;0.5246295948034434;3.7198475507594884;7.956831659907231;4.484245319469402;0;7.093535489378656;2.8557147936879517;5.200165045586685;1.9593252352671906;Laguna
PH142700000;0.325;0.002;0.44;0.009;0;0.239;213.4;3.8;0.372;0.901;0.049;194;8.38256032977979;202802;2630.3;77;343.5;0.488;PH142700000;4.92540381576883;4.9386119877769;4.39028693125696;5.23810069583113;3.8109638403832133;5.541947318073786;5.664;6.1416361863842655;1.1466230060966924;1.7179651116033385;2.404538706437996;8.11093079378687;2.9332893911810705;0;6.794056667464461;7.941901416263526;1.2948756639790744;3.7647458074361717;Ifugao
PH140100000;0.303;0.005;0.328;0;0;0.301;241.8;4.2;0.676;0.962;0.053;204;3.89782716868469;241160;4188.4;57.2;265.7;0.526;PH140100000;4.82366690489507;4.82734366177382;3.84172589073382;5.59439931397926;3.545675683898632;6.304022225908111;5.056;2.9850563751293557;0.43407822609811214;1.8637140265711034;4.120583266424777;8.083549059508202;0.178259693784989;0;7.00681016852919;7.858047915451864;1.605971381368499;3.589648850654618;Abra
PH051600000;0.248;0.001;0.443;0.003;0;0.307;135;2.2;0.566;0.542;0.056;148;2.53723129777667;583313;2189;266.8;131.4;0.518;PH051600000;4.69041448502674;4.80289625660273;3.72921914780349;5.37343564438488;2.899020091286969;2.4657190907797357;5.184;4.131265340607495;4.499520159891474;1.9755008321457064;0.7734533173087261;8.446011566310688;2.077912556139689;0;7.202284738051999;6.8563653714272235;3.906740603632927;4.885099580159382;Camarines Norte
PH175200000;0.197;0;0.101;0.03;0.056;0.19;118.7;2.1;0.586;0.717;0.068;441;5.22475324592238;844059;4299.5;195.2;144.7;0.559;PH175200000;4.66631660069688;5.55838886932601;3.20688551693027;4.73575125969106;2.2975137797617853;2.158868041215128;4.528;3.9231155863642457;3.2826872150042985;2.394801968736282;0.8402207736712307;7.13376895941204;5.026995862854958;5.104993222946865;6.829272290404019;6.372961910287269;2.4767409335023034;4.11321209039949;Oriental Mindoro
PH034900000;0.166;0.038;0.247;0.026;0;0.222;99.9;2.1;0.78;0.91;0.039;378;1.75807902425684;2150074;5717.1;375.3;62;0.566;PH034900000;4.74656935167821;6.39266323186913;2.29253506269809;4.87601829499082;1.9296369559934727;2.28032430511694;4.416;1.9028317367955911;1.030285685821856;1.3703024266691797;6.772334782485796;8.03010713520684;6.825029903320798;0;7.038905318933468;5.143502618988237;4.618216487040492;3.304733468417311;Nueva Ecija
PH166800000;0.268;0.001;0.025;0.049;0.003;0.155;129.3;3.1;0.255;0.462;0.079;271;4.4744617982271;592250;4388.4;135.2;293.7;0.539;PH166800000;5.34233253360634;5.28456517894868;5.11895554875917;5.56083164390644;3.139148578407987;4.109278176445757;4.848;7.354962671864318;6.247237724763646;2.7642399181921413;0.724012806489466;5.728064225189827;7.341321181092363;3.138790357877687;6.708089652259706;7.812806244409624;2.7909603633877547;3.217825895938052;Surigao del Sur
PH174000000;0.132;0;0.249;0;0;0.175;137.7;2.2;0.622;0.842;0.049;51;2.17464534092896;234521;961;242.6;301.3;0.612;PH174000000;4.39347327995052;4.10727783156437;2.51714522609916;6.04778558208734;1.5322004572381691;2.3089957828936427;3.68;3.544507595040383;1.8261757119094344;1.7239338787703387;0;7.911061163861793;1.0132860280969407;0;6.79814084236889;8.164685100514705;4.145392072444934;4.766951872699709;Marinduque
PH023100000;0.183;0.022;0.563;0.009;0;0.274;131.9;2.1;0.723;0.906;0.03;733;4.51189345154201;1593566;10812;147.5;102.8;0.587;PH023100000;4.50968296722054;5.89664951846678;2.38340456806378;4.71345675441338;2.1273998658822766;2.441140184968806;4.08;2.494782371000237;1.0851094363675589;1.0444507899927795;6.2153316376937315;8.63301386312253;2.8157961581247783;0;7.142799059142029;6.018707764345916;2.8758618814755037;3.8289888082514123;Isabela
PH036900000;0.099;0.034;0.207;0.015;0;0.209;94.6;1.5;0.829;0.932;0.029;237;1.77540856870606;1334904;3145.7;423.6;38.7;0.673;PH036900000;4.33713195601061;6.10557197374451;1.41057416150849;4.65121507393647;1.1411937891010544;1.0659852693527025;2.704;1.3967241859359945;0.7811067857756229;1.0088960187293734;6.852020678674764;7.915077260063354;5.4223184199788195;0;7.014224928420758;4.508010375674606;4.615308344572198;3.7135457871408226;Tarlac
PH042100000;0.042;0.002;0.146;0;0.007;0.145;219.1;0.9;0.872;0.972;0.014;770;2.10694756382136;3654576;1288.9;2742.2;16.5;0.773;PH042100000;3.24028995111357;4.60502377783407;0.764514647072299;3.76556469207025;0.4565128095287797;0.7923961630569456;1.104;0.9438813483865496;0.3129922480995889;0.47916761666223;2.6203758937222283;7.510881706995778;0.19451316004561187;2.5425792295249994;6.635534481484731;3.062564869781381;4.421213317737645;3.181588068392558;Cavite
PH060600000;0.212;0;0.033;0.006;0;0.294;158.2;3;0.436;0.698;0.049;179;3.08051855969408;581071;2805.1;207.3;193.5;0.58;PH060600000;4.44872144008319;4.07366701703619;3.74074334223312;5.36331013234698;2.4743697362997294;4.0129553875516075;4.192;5.481987342241941;3.4983912098455408;1.738749059804357;0.26124097247268857;6.255955364277039;2.9086221300422737;0;7.221701907095372;7.23905396251271;3.521829055578214;4.507769414027873;Antique
PH087800000;0.298;0;0.169;0;0;0.196;123.8;4;0.511;0.749;0.042;52;2.68046523553131;171612;549.2;313;291.4;0.568;PH087800000;4.75028976366922;3.85003783766483;4.1192187731985;6.01186643404433;3.4963032750223535;6.087826026152017;4.384;4.695347547770456;2.9151178727701987;1.46996147221065;0;7.639194167608582;0;0;6.8265938912982325;8.098392565236376;3.5181225708863324;5.0465293108736144;Biliran
PH071200000;0.297;0;0.042;0.02;0;0.28;147.3;3.3;0.572;0.841;0.047;562;4.14141721733305;1313560;4063.8;323.6;88.1;0.574;PH071200000;4.0971133632028;4.07952533591463;3.51418108136889;4.58946165038261;3.480469480742608;4.657078473765949;4.288;4.0610803881648;1.8348623532859596;1.6607611387439103;0;6.177081530785985;3.4568564788030756;0;6.944702839579241;5.881653725005417;2.9395396883175593;4.140317906966459;Bohol
PH153600000;0.657;0.001;0.001;0.002;0;0.518;126;3.7;0.437;0.939;0.1;163;1.56245207202233;1043232;3549.6;290.7;107.3;0.217;PH153600000;5.10665787009559;2.79983208901774;6.64691216562849;5.16289173334833;7.736140227121214;5.414113064016441;10;5.469764917275155;0.6991380422706418;3.5308513472325007;1.9354235557816497;0.545260379418376;0.9584936477167533;0;7.104722743661287;5.366207150569635;5.251147701130736;3.82255069071904;Lanao del Sur
PH052000000;0.295;0;0.424;0.043;0;0.198;151.4;3.2;0.564;0.738;0.06;84;2.87395962661517;260964;1525.3;167.6;270.2;0.513;PH052000000;5.11455379527966;5.55164993928899;3.91817522779657;5.69708392645873;3.450922474151142;4.394828405450561;5.264;4.146350779507077;3.0340825158351272;2.129503832054111;0;8.399890541876891;7.269691325619077;0;6.896182554208719;7.751754559887189;3.271808873381318;4.589678337004901;Catanduanes
PH168500000;0.536;0;0.087;0;0.027;0.242;136.2;4.2;0.372;0.667;0.074;35;2.28073486850384;127152;826.5;154.4;264.7;null;PH168500000;5.24973780059975;4.22414841157069;5.27539493382132;6.03038982842773;6.3083831828169314;6.312382030955077;null;6.148021115461659;3.8638782611459828;2.6038814363467835;0;6.665747857946274;0;4.3301493511568925;6.60239914798612;7.854128884923392;3.37368237199526;5.041009411674417;Dinagat Islands
PH086000000;0.348;0;0.213;0.013;0;0.269;74.9;3.1;0.335;0.543;0.074;169;1.93470436820371;780481;5595.1;139.5;182.2;0.452;PH086000000;5.33213122932028;4.93037666834817;5.12763326298701;5.82029582035271;4.086688917801251;4.208212627853849;6.24;6.532254094462528;5.313730110006981;2.6006242520976275;0.07031622168462957;7.743271511317511;4.911795968781485;0.7278840386312618;6.94555669128361;7.095014311770637;3.970011427146043;3.30670898778565;Samar
PH021500000;0.183;0.04;0.673;0.001;0;0.329;125.3;2.3;0.67;0.876;0.027;426;3.54367474902445;1199320;9326.8;128.6;115.2;0.626;PH021500000;4.44124209926205;5.73621437877611;2.37290497777959;4.68746147308014;2.125928321907069;2.544848747623653;3.456;3.04388312247349;1.434953584679747;0.9649591341196632;6.735259519536906;8.713818716422283;0.38368597634294427;0;7.19352738100169;5.722429336947918;3.3582485671446936;4.137631214082379;Cagayan
PH150700000;0.378;0;0;0;0;0.231;29.2;2.8;0.211;0.565;0.089;58;1.26260702227195;459367;1387.2;330.9;171;0.419;PH150700000;5.16416317054465;1.95942240695478;5.96947476872412;6.56827766751016;4.435429314661623;4.101004207964438;6.768;7.8176022046282645;5.051637831948698;3.119693382721974;0;0;0;0;6.843638810938868;7.214573708347976;5.830330996129053;1.945374198130143;Basilan
PH175900000;0.307;0;0.093;0;0;0.227;134.5;4;0.508;0.621;0.062;208;6.18209514961695;292781;1367;214.4;330.2;0.508;PH175900000;4.76808562821386;3.6644004240952;4.57963444564337;5.8009252063084;3.5924137735762227;6.00118177067501;5.344;4.72649194251689;4.4036045186507575;2.1877026913978055;0.4850743586476737;6.978261662896725;0;0;6.708388692272716;8.318384808812711;1.8144775515066973;4.876184124930092;Romblon
PH166700000;0.352;0;0.088;0.02;0.002;0.182;115;3.9;0.486;0.621;0.07;143;2.59746685137542;485088;2067.3;234.7;158;0.478;PH166700000;4.94415393767594;4.93013355452131;4.79868065065565;5.00624668641464;4.135408481730735;5.86449056666007;5.824;4.953939578822075;4.40243980838425;2.4637469582983753;0;7.063085043147243;4.662389775765458;3.0236138606431857;6.813569932324597;6.205863665951312;3.4452147879213273;2.9622558201114586;Surigao del Norte
PH124700000;0.446;0.003;0.007;0;0;0.268;118.7;1.4;0.335;0.753;0.058;496;3.65842145015106;1355776;6450.6;210.1;154.1;0.454;PH124700000;4.37917932183203;3.59149177747928;4.39126488911138;5.02384120267504;5.237795700869474;0.858091602152568;6.208;6.528031182258724;2.8691794207672934;2.044626077455813;2.5470784053616473;4.9045505855063904;0.2007200581559453;0;7.107714142597533;6.362538128603823;3.3131073805232365;4.426245253759675;North Cotabato
PH097200000;0.487;0;0;0.011;0;0.331;104.1;2.9;0.248;0.511;0.106;353;3.44079897725217;1011393;6497.5;155.6;222.8;0.455;PH097200000;4.77763487737252;2.70272214014403;5.69664773350811;5.4788027551493;5.725815277665814;3.7471210498787317;6.192;7.432819539789827;5.680181524257349;3.7431160868729605;0;0;2.5631085354372485;0;7.219574599652486;7.273825891839257;3.3419093913494593;3.883135690478358;Zamboanga del Norte
PH084800000;0.483;0;0.294;0.081;0;0.287;112.2;3.4;0.358;0.442;0.072;191;2.86220763181573;632379;3496.2;179.7;363.9;0.432;PH084800000;5.84558039028795;5.52432921129702;5.65333320676924;6.2622621495857;5.675434000981229;4.841713592639857;6.56;6.283826103269823;6.4823955306226235;2.5207949373558276;0;7.99356779562661;7.357117380001386;0;7.027213111613108;8.373921730541026;3.57870150721313;5.3623340774106305;Northern Samar
PH101800000;0.408;0;0.012;0;0;0.238;156.6;4.2;0.536;0.873;0.066;61;6.21623454418047;88478;249;355.5;297;0.467;PH101800000;4.53631737614564;3.18935298309254;4.56127959464987;5.57853276885358;4.789240557375878;6.390809014670314;6;4.436523304546994;1.470883457384788;2.330926379725492;0;5.544279010592156;0;0;7.000789376778649;8.143971069974945;1.9201853211179298;4.480408910800854;Camiguin
PH175300000;0.238;0;0.003;0;0;0.18;136.2;1.5;0.282;0.461;0.072;392;3.54932794247002;1101617;14857.8;74;359;0.572;PH175300000;4.20643806642203;2.08754784029459;4.44838733631659;5.57327663843846;2.7783875615701294;0.9153017791119781;4.32;7.084111870575769;6.2655837922698545;2.5219178447886472;0;0.9531525646211382;0;0;6.568784694101593;7.622181181911947;3.334650220531738;3.2280908004158992;Palawan
PH126300000;0.284;0.001;0.001;0.003;0;0.148;88.5;1.4;0.527;0.796;0.042;294;1.95036131438431;1507413;4403.4;342;95.3;0.596;PH126300000;3.74113930503441;2.90353132043374;2.92601286046956;5.07060127770212;3.3248677933063084;0.8607528261995883;3.936;4.52942626148642;2.367296258444898;1.4787472891131652;1.9402760120189857;1.6704832944303134;1.4430858603512042;0;6.683409272722967;5.517312924615005;4.650724925272135;2.099559269430272;South Cotabato
PH086400000;0.371;0;0.08;0.002;0.005;0.23;113.8;4;0.574;0.838;0.045;143;3.05868405453468;421750;1725.9;244.6;150;0.533;PH086400000;4.64765676321991;4.54003447523695;4.04263316350776;5.22940571729267;4.357396337464004;6.0195281564908125;4.944;4.041842289145194;1.8783434784798911;1.5856457416699365;0;7.015217826722141;1.359920034752052;3.9627351247277076;6.959800661594238;6.864845306341152;3.1783640397135224;3.7448977729112953;Southern Leyte
PH082600000;0.432;0;0.209;0.085;0.006;0.324;133.4;3.5;0.382;0.637;0.066;167;3.21089134343694;467160;4395.5;105;302;0.389;PH082600000;5.71249284113879;5.79955471414759;5.40612642914545;5.84522938053867;5.071708944036001;5.306336158917715;7.248;6.043456332500771;4.209006349615505;2.3229473811789307;0;7.855898178764788;5.958277986218127;3.3246459396700123;7.26764809435932;7.9908211032100525;3.1023176839874145;3.8521857157798074;Eastern Samar
PH128000000;0.46;0;0.005;0;0;0.112;150.3;1.1;0.246;0.504;0.072;159;2.94356137603164;540162;3284.1;164.6;363.9;0.438;PH128000000;4.72373796117011;2.67164194636595;5.09095057360952;5.95998059355086;5.412933384941782;0.1651171315272085;6.464;7.45830072107189;5.765534578836456;2.5380101801488766;0;3.3732572245287153;0.9786550663212259;0;6.380165512006462;8.253245032321423;3.604201934161584;4.656681446857576;Sarangani
PH037700000;0.129;0.005;0.456;0.024;0;0.318;181.8;2.6;0.565;0.825;0.042;121;5.64534189310242;214336;3181.2;67.4;372.6;0.551;PH037700000;5.00161129709794;6.00461412870307;2.96488908833936;5.57723979635899;1.4922471447804786;3.243458868318901;4.656;4.142118710460006;2.030756883277235;1.4833521883766019;3.0197087468283548;8.464664326320333;7.034190807504537;0;7.2603392188349165;8.263849914839097;2.425752413095944;4.084238245956963;Aurora
PH072200000;0.172;0;0.041;0;0;0.2;57.7;2;0.586;0.911;0.033;1211;2.61421880299001;4632359;4986.6;926.9;66;0.636;PH072200000;3.65435177967166;3.40188212496314;2.41124664014742;4.8797386392226;2.0056766379402093;2.1127127668645715;3.296;3.923333363727556;1.0219806088027301;1.1558188195836303;0;6.3954525263779445;0;0;6.842828956898745;5.172441145751071;4.218489615708258;2.284867286019755;Cebu
PH103500000;0.412;0.001;0;0.009;0;0.195;81;2.7;0.396;0.786;0.068;381;3.73891206490987;1019013;2887.3;353.1;109.2;0.55;PH103500000;4.07993866296695;2.8857274838967;4.24124324704975;4.83344318437349;4.840527035799701;3.471900751020841;4.672;5.892338938963467;2.4777206548151454;2.403716276242616;2.022931078347729;0;2.2912220604970064;0;6.8332894365722705;5.617106370258583;3.495441218179122;3.4470096077539965;Lanao del Norte
PH153800000;0.593;0.012;0.001;0.007;0;0.232;44.9;2.3;0.269;0.532;0.119;270;1.94733960953677;1386507;4819.1;289.1;83.7;0.309;PH153800000;5.43674930266907;3.74707610845342;6.59737987252856;5.40170420926678;6.978507742347876;2.9858716905143643;8.528;7.214994706323636;5.432769654124501;4.20113206358461;4.4783783783884905;0.6787439004893171;3.1922801012620488;0;6.916562339749199;5.47728718601312;4.492270496227992;3.8331540870689116;Maguindanao
PH041000000;0.102;0;0.165;0.02;0.014;0.157;198;1.7;0.849;0.958;0.032;590;2.18977966733907;2694335;3088.8;870.8;47.2;0.668;PH041000000;4.0424598715291;5.67905590124107;1.4209763259234;4.326437705956;1.1666431440861296;1.3332239680663318;2.784;1.1882863014960545;0.47599260633842333;1.128940097241586;1.0553659855699924;7.65497485225531;6.847736148838059;2.952518211666711;6.733992783863306;4.900784694238809;4.3250277444329;2.163739557670052;Batangas
PH160200000;0.264;0.005;0.022;0.001;0.002;0.161;62.3;2.3;0.353;0.654;0.058;231;3.38476416545782;682470;2979.4;229.9;105.2;0.541;PH160200000;4.36722606629422;4.3616308479928;4.15829448406259;4.49225013132054;3.0860345509692735;2.628329450378771;4.816;6.33876969819209;4.014067166457086;2.0453007582028575;3.739256135371724;6.124062376095468;0.7618692907113157;1.2714838789631122;6.786506206925607;5.316533524935009;3.4428519925996817;1.7958934150226744;Agusan del Norte
PH051700000;0.327;0.021;0.415;0.034;0;0.199;95.6;2.4;0.539;0.654;0.058;423;2.16868915301666;1950487;5447.4;357.6;62.2;0.54;PH051700000;4.90791020022056;5.83196959606186;3.81486439663469;4.76580245782347;3.8291983598464254;2.8912266526257286;4.832;4.410895507180691;4.013170238771681;2.048226262047939;4.57246253009617;8.18814040104687;6.065832709535302;0;6.703354128349293;4.840463542041371;4.158288882585357;4.516919205442468;Camarines Sur
PH112500000;0.355;0;0.008;0.035;0;0.157;120.2;2.7;0.261;0.521;0.074;208;3.7212098225627;558958;5199.3;107.3;418.5;0.442;PH112500000;5.39921883855565;4.56867606274515;5.32420149978655;6.16226991423853;4.167415612367992;3.3340608775614626;6.4;7.292993904555059;5.562056657552238;2.6091381856451306;0.2756768323265625;4.718329886821654;6.908083762747569;0.869179963099967;6.785133049322209;8.572342300444133;3.1332434768340263;3.325470348308288;Davao Oriental
PH143200000;0.189;0.004;0.498;0.002;0;0.233;107.5;4;0.512;0.899;0.054;157;5.81120479079663;203056;3054.1;66.5;167.7;0.546;PH143200000;4.77725687254845;5.32896098832211;3.90278684037436;4.92602743744053;2.19786071198944;6.023530454652904;4.736;4.691102848680068;1.1606403858013465;1.9062591558729098;4.470088992959935;8.386142482510719;2.7936151684197243;0;6.927739242545345;6.926177684007096;1.8085093436413837;1.8349352896651505;Kalinga
PH054100000;0.441;0;0.178;0.002;0;0.174;100.4;3;0.31;0.46;0.084;264;2.95833786235437;892393;4125.1;216.7;137.7;0.422;PH054100000;4.99053342956898;3.98222681720043;5.58281427778821;5.25367799155718;5.184481202483447;3.964168253224756;6.72;6.785793764036534;6.276056010847249;2.963601798759067;0;7.649949490483378;0.9571715135330947;0;6.698287622233089;6.567831827679494;3.5805307521544467;4.755208932142973;Masbate
PH020900000;0.215;0;0.254;0.005;0;0;465.2;5.3;0.301;0.904;0;15;null;17246;223;77.3;438;0.512;PH020900000;4.85660952051343;3.45966648545169;4.31062856774858;6.39623744947733;2.5105294976212646;8.67261973791024;5.28;0.23620048205459315;1.1056617268946776;0;0;7.852869227085831;4.860683176821588;0;0;8.772381936589799;null;1.5934254668547014;Batanes
PH104200000;0.339;0;0;0.003;0;0.222;84.7;3.8;0.381;0.733;0.058;164;2.72368241862999;602126;1926;310.7;69.6;0.526;PH104200000;3.85894605080988;2.240776050575;4.5085112965032;4.55543260150911;3.976189201941594;5.5986454662313205;5.056;6.050411945399041;3.0985313285559295;2.0417507252354135;0;0;1.0869470138653805;0;6.94702078334913;5.336709335986031;3.712887025272669;2.455048412684163;Misamis Occidental
PH030800000;0.063;0.009;0.15;0.002;0.039;0.169;239;2;0.853;0.922;0.023;230;3.02372970485769;760650;1368.7;549;80.4;0.729;PH030800000;3.89866055551913;5.28940022184083;1.28504757584251;4.43865519341925;0.7068271180401999;1.9119411030040097;1.808;1.1485880674600848;0.8936457675474693;0.8195099539589472;2.6771972021490473;7.428260166424056;1.3997020642493194;5.248682036670775;6.605176231312103;5.873226245795955;3.570626668192268;2.8227136087979723;Bataan
PH056200000;0.327;0;0.358;0;0;0.211;83.7;2.7;0.581;0.509;0.077;221;2.84889634271321;775739;2054.6;378.2;111.6;0.505;PH056200000;4.65386547088571;4.17784493909529;4.38137085932646;5.29569182934682;3.8364641203248597;3.342902703099883;5.392;3.966453499846819;5.70815501519126;2.7095066768590983;0;8.260891178279856;0;0;6.96997981084565;6.39076071341697;3.731986516082513;4.45784870861083;Sorsogon
PH137600000;0.015;0.012;0.176;0;0.003;0.183;6.1;1;0.855;0.986;0.013;197;0.596438685800339;3302938;200.3;15391.9;6.9;0.829;PH137600000;3.64121553714775;4.89788085943499;0.353450763901617;4.81638490180266;0.14314866691340652;0;0.208;1.1185222383797713;0.14739079749319256;0.4584450460106371;4.786707447324794;7.668308055264569;0;1.190613133340066;6.828995969879395;2.2603631087891967;6.63666705675747;0.04957959244037756;Fourth District (Manila)
PH012900000;0.173;0.002;0.317;0.002;0.003;0.18;148.5;3.2;0.81;0.96;0.04;283;3.33493797015376;689668;2635.2;261.6;210.3;0.64;PH012900000;4.38825538881447;4.77745127219329;2.37171759290803;5.5595140698021;2.010538901609566;4.445620211464067;3.232;1.5953549230720276;0.4556813363178313;1.4121691702731511;1.7496872295719663;8.118776058234268;1.3448907526664564;1.3631638860866877;6.795424100808785;7.626381723415546;2.991745138771826;3.4878401442506526;Ilocos Sur
PH013300000;0.112;0.001;0.291;0.021;0.002;0.253;134.7;2.3;0.748;0.976;0.039;263;3.27971799510076;786653;1534.7;509.7;62.1;0.687;PH013300000;4.22716362159179;5.62743912407475;1.82892509528421;4.60247343879592;1.2855292985470606;2.6677887200582724;2.48;2.2299512464044984;0.26223285628685583;1.383584477885027;2.090724731862289;8.119020268724434;5.613947892893335;1.7374174954930028;7.0708265271784585;5.680343865089657;3.423788625659688;3.802540231558574;La Union
PH141100000;0.051;0.001;0.344;0.036;0;0.268;127.6;1.6;0.675;0.988;0.019;197;2.48866205990475;791590;2769.1;286.4;45.4;0.842;PH141100000;3.90261937973013;5.42875567768025;1.06735002271663;4.46562141170889;0.5683947468173374;1.2414886494271025;0;2.99305511035068;0.12845155476927922;0.6612487809790564;0.5475934014463849;8.096573748651887;6.919052802805634;0;6.974853843452961;4.1188334043678925;4.686162513105198;2.0332765149228758;Benguet
PH137400000;0.016;0.013;0.232;0;0;0.349;null;1;0.884;0.992;0.015;292;0.650303660630572;4490210;227.2;19760.2;4.2;0.829;PH137400000;3.65888597780147;5.22837169560188;0.300446970860248;4.5789060488709;0.1487576845188867;0;0.208;0.8192378599631267;0.08387329237570706;0.5174634151650926;6.005787387722402;7.989866297726953;0;0;7.368614235948433;1.7638557980953458;6.538001524296465;null;Second District (Manila)
PH015500000;0.123;0.02;0.27;0.02;0.004;0.244;114.2;2;0.727;0.911;0.042;720;2.43512587909735;2956726;5432.9;542.1;46.6;0.58;PH015500000;4.47569026028945;6.15457538338254;2.19779180515954;4.43978632966808;1.4206438564882018;1.9216146507995668;4.192;2.454551478438034;1.0284482950861538;1.4910670060421705;5.887494934268191;8.070383607968562;5.366525254431402;1.2770152931843355;7.0751253527965625;4.579136687312122;3.982294627150175;3.880074806289404;Pangasinan
PH012800000;0.125;0.002;0.288;0.033;0;0.365;149.7;3.2;0.863;0.947;0.032;166;2.5291654934149;593081;3570.2;167.2;59.5;0.731;PH012800000;4.23814592916215;5.92467197669251;1.91295615466152;4.22947495285233;1.4443361952744833;4.471321792470168;1.776;1.0442131219478665;0.6092732585950176;1.1433251131100992;2.2608187883903006;8.0972100848232;7.239255257434698;0.859571173555641;7.330730799368345;4.807195202988067;3.623671985051475;2.7070052454982467;Ilocos Norte
PH035400000;0.041;0.062;0.181;0.012;0.005;0.715;94.3;1.3;0.902;0.962;0.02;542;2.07931393382027;2606629;2254.6;1157.2;18.7;0.727;PH035400000;4.07556283059106;6.09840375907725;0.851411453738768;4.27342001065161;0.4551081199774264;0.7562702632403767;1.84;0.6325334568038075;0.42576750131361485;0.6907583740759252;7.129615857230103;7.635191145808354;3.8680401656761654;0.9318604361495784;7.169734685443565;3.575331177279491;4.330102919073544;3.670277704122503;Pampanga
PH076100000;0.222;0;0;0;0;0.281;185;4.5;0.539;0.864;0.04;47;4.47991331888648;95984;327.6;293.4;159.3;0.69;PH076100000;3.66083304922613;2.02686352761043;3.58924567340284;5.05215646743287;2.5933143689628744;7.013356392732122;2.432;4.411027206024289;1.569054194325364;1.414841147233459;0;0;0;0;7.0221456153994755;7.285802617793208;2.4768210596606877;4.029056084957214;Siquijor
PH157000000;0.365;0;0;0;0;0.125;84.2;2.3;0.103;0.66;0.093;61;1.51399288679952;389698;1193.9;329;297;0.403;PH157000000;4.8410271001896;1.57329657313155;5.73571259017343;6.15394887281902;4.284051242714697;2.680655276650124;7.024;8.937356539717856;3.9474416507511854;3.2686886862698086;0;0;0;0;5.630402882156773;6.311362878498784;4.837897717186819;5.689506327144457;Tawi-Tawi
PH137500000;0.031;0.076;0.291;0;0.03;0.297;null;1.1;0.861;0.994;0.025;155;0.55614379223329;2787049;109.9;23825;8.4;0.829;PH137500000;4.61328636843258;6.84817162348717;0.463861324753731;5.0390942222035;0.33095319854982413;0.17463273878571922;0.208;1.0595917237386405;0.06316061704515684;0.8737039316546227;8.26935801391782;8.212225955938486;0;7.074276660943457;7.266904862937139;2.308902545675698;6.897600505258664;null;Third District (Manila)
PH025700000;0.166;0.003;0.458;0.004;0;0.246;216.2;2.2;0.568;0.907;0.044;111;5.87329555375653;188991;3246.8;58.2;227;0.549;PH025700000;4.36281108014279;4.96073999138866;2.82148983217889;4.98624755563719;1.9346976824512385;2.471937817144732;4.688;4.105976248459224;1.0729265282935752;1.5588202240199083;1.9981125418072498;8.401810806138574;2.8115954034666726;0;6.979630887282388;7.436885583544381;2.2240993761680965;3.8879126332606506;Quirino
PH063000000;0.196;0.001;0.04;0;0;0.311;121.7;2.2;0.485;0.853;0.038;600;2.53238818978561;2369305;4846.1;484.2;69.3;0.691;PH063000000;3.71336680262283;3.64281310787905;2.69023709031214;4.62221067982656;2.2894016270144584;2.4341644490683976;2.416;4.96657511708972;1.6958923516272888;1.3551053822730628;0.7262020070438687;6.4196167707933265;0;0;7.135388555771838;5.419210375827557;3.892011048534231;3.557256141661287;Iloilo
PH118200000;0.327;0.001;0.005;0.004;0;0.164;160.4;1.3;0.346;0.851;0.087;224;3.05558852135434;733083;4312.1;170.1;261.2;0.491;PH118200000;4.44312275014826;3.89958992707349;3.86099227189997;5.40027056603214;3.8357658299176096;0.5528541788583284;5.616;6.415604597679478;1.7225285419966128;3.0497723073572383;1.5813169215854708;4.324450536711966;3.7409627638747693;0.48443558512631757;6.7587729987675695;7.374689084512273;3.5312487436435016;4.367313254330391;Compostela Valley
PH045600000;0.231;0.001;0.286;0.011;0.004;0.18;128;2.1;0.59;0.795;0.045;776;3.63381010180331;2118988;8670.8;242.5;151.4;0.536;PH045600000;4.58736319811488;5.26803832361384;3.19234495604361;4.9671672381392;2.693104030914925;2.287962933249268;4.896;3.8796770713209128;2.372834754230748;1.5701239639054911;1.0204832888800757;8.137666243676598;4.645382466525744;1.5433485141233922;6.8657817771767595;6.276929327851729;3.4376659347499587;3.651399853158311;Quezon
PH175100000;0.262;0.001;0.072;0.016;0.002;0.19;148.5;1.8;0.513;0.619;0.064;159;3.2747246862752;485537;6107.5;79.5;186.5;0.536;PH175100000;4.73123265642308;5.25348271266479;3.65517982089564;5.11226788898528;3.0664076411558856;1.6869610348953838;4.896;4.681523572050968;4.419022143246635;2.251483017481994;2.463669322025433;7.047856638655589;6.273246611357598;0.5788430527124232;6.9119354114865414;6.561221160871265;3.4212337517850195;4.613519544326871;Occidental Mindoro
PH045800000;0.047;0.001;0.124;0;0;0.236;176.6;1.2;0.813;0.958;0.014;330;1.14415404890114;2884227;1317.9;2181.9;44;0.805;PH045800000;3.17291488017779;3.91095807507042;0.69254172511086;4.38705680951319;0.5230978719487612;0.3596131649832;0.592;1.5587450478116158;0.4813136453575307;0.5011294382647511;0.989348503541658;7.46854822233669;0;0;6.7426182028436585;2.934036962398369;5.716427076962645;2.480050787770797;Rizal
PH061900000;0.274;0.002;0.077;0.001;0;0.299;98.7;3;0.445;0.792;0.05;374;4.91210742542528;761384;2705.9;280.2;57.4;0.561;PH061900000;4.12388311146982;4.33520484492956;3.71057271397389;4.26806357530621;3.203680441913409;4.048847887531127;4.496;5.383021545096136;2.40763699575971;1.7626482604028868;2.6333604943974414;7.118794363189401;0.6676213047726655;0;7.215588754712044;5.079325547780335;2.675531005085467;3.9622129959589385;Capiz
PH098300000;0.402;0;0;0.01;0;0.25;136;2.7;0.203;0.457;0.095;150;2.37403001090471;631837;2757.1;229.3;309.3;0.504;PH098300000;5.07469306893562;3.19555048207018;5.5281290956767;6.06999101512914;4.724703649646439;3.4709584908766025;5.408;7.901784581885621;6.311570613427779;3.3498028786038976;0;0;5.356330245374014;0;6.983179775425508;8.198057651201827;3.974741046747554;4.898436542422046;Zamboanga Sibugay
PH112300000;0.248;0.001;0.014;0;0.004;0.285;81.4;1.9;0.483;0.852;0.058;269;2.65617625161197;1012734;3542.2;285;92.1;0.524;PH112300000;4.0859812328854;4.18620060612591;3.3174782829151;4.61465194169448;2.9050482984001254;1.8761392428811514;5.088;4.987304769177403;1.7058001108873782;2.0482301263040386;2.311090952494061;5.78539214305036;0.36533224395430625;2.0825827463850297;7.234940891266533;5.281063940213515;3.8972692396723256;2.0230175952104896;Davao del Norte
PH067900000;0.206;0;0.003;0;0;0.045;155.8;3.1;0.46;0.8;0.046;90;5.28413994751088;170321;619;275.1;112.7;0.662;PH067900000;3.59278891311711;2.47096483032967;3.27734682136553;4.81965385881802;2.401487285633195;4.281174957873662;2.88;5.232343108617908;2.313022184317732;1.6356980783013615;0;4.463539652448348;0;0;5.807173174395791;6.7660654144248795;2.4295374854316485;4.487122499533238;Guimaras
PH144400000;0.238;0;0.304;0.001;0;0.208;191.4;3.6;0.331;0.959;0.043;120;5.3690406882722;154590;2239.3;69;261.8;0.473;PH144400000;4.64984663159739;4.27974615177532;4.23875746228455;5.32617038213022;2.7803968581140954;5.166466136231322;5.904;6.571497619818986;0.4703114573748383;1.5188089530780648;0;8.148963295672617;0.9970335275570792;0;6.991421408601739;7.63590928323169;1.7247714908769847;3.9820631932516366;Mountain Province
PH060400000;0.168;0;0.068;0.012;0;0.236;190.7;3.1;0.526;0.498;0.049;172;2.99222543287238;574823;1711;336.2;144.8;0.598;PH060400000;4.54433666912903;4.403525448285;3.95794786367722;5.12568348131596;1.951352063743584;4.236298825899451;3.904;4.538624079682806;5.830631951761586;1.7077590669490348;0.3941046047787311;6.851352033447138;4.1482761991133925;0;6.9064388631627756;6.85677086712448;3.547840998133887;4.27990438138715;Aklan
PH083700000;0.325;0;0.125;0;0.002;0.273;102.2;2.4;0.479;0.72;0.064;424;2.14565215622788;1966768;5701.6;338.9;144.3;0.586;PH083700000;4.53645990264399;4.19198687931589;3.72118943585189;5.49497624994532;3.813082883415687;2.8423942223993883;4.096;5.027693882973204;3.2518586576108572;2.237786672505277;0;7.44993702686486;0.7110708660378944;1.2538544273135437;7.102006898851722;6.713554659572688;4.185881176870076;3.560294882311879;Leyte
PH156600000;0.503;0;0;0;0;1.008;76.3;2.8;0.092;0.478;0.114;151;1.79452451769122;824731;1577.5;506.3;54;0.303;PH156600000;5.14876302037259;2.12805787435574;6.88112601412417;5.44505103116714;5.911500740435079;3.6850973226421706;8.624;9.053106072807042;6.061542366608381;4.012672992598986;0;0;0.18230216385740797;0;7.017837437287748;4.035664490220737;4.601555644620622;6.17431981324113;Sulu
PH097300000;0.251;0;0;0.013;0;0.316;52.9;2.2;0.327;0.695;0.078;354;1.89188669202009;1871148;5368.3;347.2;119.6;0.556;PH097300000;4.03483284013726;2.95560192611611;4.01023071036808;4.94738505178653;2.93131111118785;2.3188374195948156;4.576;6.607280319626964;3.5384767792525333;2.7319151883469774;0.2679928736866015;0;3.4925000563001354;0;7.144519743538466;5.343190948460851;4.445299056654315;2.2401587791617668;Zamboanga del Sur
PH148100000;0.466;0.004;0.447;0.001;0;0.317;237.5;2.4;0.492;0.867;0.066;76;6.4111216088541;118544;4139.5;28.6;276.9;0.379;PH148100000;4.90312926383347;5.24784671196017;4.50160841377495;4.91257430206295;5.47833735717235;2.7923808881090566;7.408;4.900428999371164;1.534600023160329;2.319988394396613;4.040492743101604;8.540009199209683;1.2400974632518456;0;7.3057125449223745;7.667938582123194;2.125100755183599;3.3656737950432527;Apayao
PH050500000;0.277;0.004;0.389;0.002;0;0.182;91.6;2.2;0.666;0.708;0.059;262;2.00123129192465;1309194;2589.5;505.5;60.9;0.541;PH050500000;4.40324425964652;5.00664613044031;3.30106033992315;4.72761485799559;3.243081797479389;2.4409568024295862;4.816;3.085001137501378;3.3890965124783836;2.0928547274985037;3.106308520192849;8.41518644093422;1.7628374601799148;0;6.910324696120261;5.03716160510849;4.315766710936932;3.2480629611002643;Albay
PH126500000;0.432;0.003;0;0.007;0;0.259;106.3;1.9;0.356;0.614;0.062;260;3.20933372997407;810137;4472.1;181;253.1;0.443;PH126500000;4.6632260423518;3.45082059477946;4.74275775710122;5.54410129224507;5.07241472994198;1.728191651535481;6.384;6.309803580178838;4.4773082207801975;2.1995949320134986;3.3257307966526066;0.2099583987208918;3.365077828169719;0;6.964750683271791;7.132031519213672;3.5560606047699546;4.538746348282902;Sultan Kudarat
PH104300000;0.192;0.002;0.001;0;0.001;0.166;82;2.1;0.51;0.864;0.047;471;2.95220003080557;1558160;3388.6;457;67.2;0.661;PH104300000;3.51733715218314;2.89034376326891;2.72649094493526;4.68803168444999;2.241584870396368;2.2174025773989836;2.896;4.711868225724312;1.5688285630829426;1.6484906899940486;2.7113912406661025;1.2403092461506515;0;0.7454028529898661;6.789823295216508;5.169768203513608;3.9652345414514776;1.950799101401639;Misamis Oriental
PH064500000;0.191;0;0.033;0;0;0.283;53.8;null;0.488;0.796;0.041;707;2.31525448150744;3053660;7990.7;381.3;75.5;0.584;PH064500000;3.90503821413497;3.59497603629577;3.17380875908039;4.78374471599779;2.225651763232845;null;4.128;4.9425610606013795;2.3606754548790576;1.4405283274478384;0.8164083646972823;5.847911681240895;0.2822250760487067;0;7.180966941423912;5.065224482810149;4.28574988279103;1.5840776020065248;Negros Occidental
PH037100000;0.116;0.012;0.158;0.005;0.246;0.154;141.3;1.7;0.802;0.901;0.024;251;3.04653059639174;823888;3812.8;216.4;144.6;0.542;PH037100000;4.78797589371624;6.6027160755992;2.01609991999172;4.83108561492627;1.3361977620442924;1.3817630551725477;4.8;1.6693129307525925;1.139306232656554;0.831688877511862;4.37509118855892;7.640072732012072;4.064872725074621;7.269834015117292;6.743500104986501;6.013914807035792;3.7523817653234524;2.7801645335678993;Zambales
PH031400000;0.057;0.018;0.237;0;0.014;0.311;160;1.4;0.888;0.969;0.021;608;1.85753160324225;3273161;2663;1230.7;22.3;0.705;PH031400000;3.545708480708;4.79261101675108;0.946928504890169;4.1544549432729;0.6358456824888322;0.7560569125686148;2.192;0.7746015398984502;0.3511884626240687;0.7365208871980241;3.2316640308418907;7.825242202973605;0.3196978452315031;1.1148165426585548;6.91679533600353;2.9844553929732016;4.978085462068041;2.460255857819952;Bulacan
PH133900000;0.059;0.074;0.163;0;0.018;0.185;null;1;null;null;null;null;null;1761930;22.3;24298.2;17.4;0.829;PH133900000;3.665359710795;6.57067655636343;0.293805732325888;2.70666522790818;0.6627218934911243;0;0.208;null;null;null;8.27343427366699;7.75438589623905;0;6.729122468075544;6.950284325406869;2.7066652279081835;null;null;First District (Manila)
